25-05-05.23:06|[gym-experiment-walker2d-medium-replay-154907] ==================================================
25-05-05.23:06|[gym-experiment-walker2d-medium-replay-154907] Starting new experiment: walker2d medium-replay
25-05-05.23:06|[gym-experiment-walker2d-medium-replay-154907] 1093 trajectories, 302000 timesteps found
25-05-05.23:06|[gym-experiment-walker2d-medium-replay-154907] Average return: 482.70, std: 895.96
25-05-05.23:06|[gym-experiment-walker2d-medium-replay-154907] Max return: 3932.00, min: -250.20
25-05-05.23:06|[gym-experiment-walker2d-medium-replay-154907] ==================================================
25-05-05.23:16|[gym-experiment-walker2d-medium-replay-154907] ================================================================================
25-05-05.23:16|[gym-experiment-walker2d-medium-replay-154907] Iteration 1
25-05-05.23:16|[gym-experiment-walker2d-medium-replay-154907] time/training: 201.4663689136505
25-05-05.23:16|[gym-experiment-walker2d-medium-replay-154907] evaluation/target_10000_return_mean: 3656.762478521579
25-05-05.23:16|[gym-experiment-walker2d-medium-replay-154907] evaluation/target_10000_return_detail: [4085.358832813597, 4146.976623066035, 3998.6398118262687, 4071.3571514060955, 4092.620594231041, 281.8413304115582, 4022.7762791812306, 3961.445183873326, 4099.397321147111, 3807.211657259526]
25-05-05.23:16|[gym-experiment-walker2d-medium-replay-154907] evaluation/target_10000_return_std: 1128.6362063007064
25-05-05.23:16|[gym-experiment-walker2d-medium-replay-154907] evaluation/target_10000_length_mean: 914.9
25-05-05.23:16|[gym-experiment-walker2d-medium-replay-154907] evaluation/target_10000_length_detail: [1000, 1000, 1000, 1000, 1000, 149, 1000, 1000, 1000, 1000]
25-05-05.23:16|[gym-experiment-walker2d-medium-replay-154907] evaluation/target_10000_length_std: 255.3
25-05-05.23:16|[gym-experiment-walker2d-medium-replay-154907] evaluation/target_10000_normalized_score: 79.62089805371046
25-05-05.23:16|[gym-experiment-walker2d-medium-replay-154907] evaluation/target_5000_return_mean: 3886.7301443184033
25-05-05.23:16|[gym-experiment-walker2d-medium-replay-154907] evaluation/target_5000_return_detail: [3953.859125957857, 4006.603286165411, 3993.104616405711, 4030.829840594546, 3989.6215093894, 3930.4206114903177, 4004.7748258229926, 4002.8633126019, 2926.7366200006736, 4028.4876947552248]
25-05-05.23:16|[gym-experiment-walker2d-medium-replay-154907] evaluation/target_5000_return_std: 321.33406922760815
25-05-05.23:16|[gym-experiment-walker2d-medium-replay-154907] evaluation/target_5000_length_mean: 973.6
25-05-05.23:16|[gym-experiment-walker2d-medium-replay-154907] evaluation/target_5000_length_detail: [1000, 1000, 1000, 1000, 1000, 1000, 1000, 1000, 736, 1000]
25-05-05.23:16|[gym-experiment-walker2d-medium-replay-154907] evaluation/target_5000_length_std: 79.2
25-05-05.23:16|[gym-experiment-walker2d-medium-replay-154907] evaluation/target_5000_normalized_score: 84.63035454051993
25-05-05.23:16|[gym-experiment-walker2d-medium-replay-154907] time/total: 576.2123844623566
25-05-05.23:16|[gym-experiment-walker2d-medium-replay-154907] time/evaluation: 374.72716307640076
25-05-05.23:16|[gym-experiment-walker2d-medium-replay-154907] training/train_loss_mean: 2.9257472522370516
25-05-05.23:16|[gym-experiment-walker2d-medium-replay-154907] training/train_loss_std: 1.4684268414514545
25-05-05.23:16|[gym-experiment-walker2d-medium-replay-154907] training/action_error: 2.7700958251953125
25-05-05.23:16|[gym-experiment-walker2d-medium-replay-154907] ----------------------------------------Best_Iteration: 1
25-05-05.23:16|[gym-experiment-walker2d-medium-replay-154907] Best_return_mean: 3886.7301443184033
25-05-05.23:16|[gym-experiment-walker2d-medium-replay-154907] Best_normalized_score: 84.63035454051993
25-05-07.00:33|[gym-experiment-walker2d-medium-replay-154907] ==================================================
25-05-07.00:33|[gym-experiment-walker2d-medium-replay-154907] Starting new experiment: walker2d medium-replay
25-05-07.00:33|[gym-experiment-walker2d-medium-replay-154907] 1093 trajectories, 302000 timesteps found
25-05-07.00:33|[gym-experiment-walker2d-medium-replay-154907] Average return: 482.70, std: 895.96
25-05-07.00:33|[gym-experiment-walker2d-medium-replay-154907] Max return: 3932.00, min: -250.20
25-05-07.00:33|[gym-experiment-walker2d-medium-replay-154907] ==================================================
25-05-07.00:36|[gym-experiment-walker2d-medium-replay-154907] ==================================================
25-05-07.00:36|[gym-experiment-walker2d-medium-replay-154907] Starting new experiment: walker2d medium-replay
25-05-07.00:36|[gym-experiment-walker2d-medium-replay-154907] 1093 trajectories, 302000 timesteps found
25-05-07.00:36|[gym-experiment-walker2d-medium-replay-154907] Average return: 482.70, std: 895.96
25-05-07.00:36|[gym-experiment-walker2d-medium-replay-154907] Max return: 3932.00, min: -250.20
25-05-07.00:36|[gym-experiment-walker2d-medium-replay-154907] ==================================================
25-05-07.00:46|[gym-experiment-walker2d-medium-replay-154907] ==================================================
25-05-07.00:46|[gym-experiment-walker2d-medium-replay-154907] Starting new experiment: walker2d medium-replay
25-05-07.00:46|[gym-experiment-walker2d-medium-replay-154907] 1093 trajectories, 302000 timesteps found
25-05-07.00:46|[gym-experiment-walker2d-medium-replay-154907] Average return: 482.70, std: 895.96
25-05-07.00:46|[gym-experiment-walker2d-medium-replay-154907] Max return: 3932.00, min: -250.20
25-05-07.00:46|[gym-experiment-walker2d-medium-replay-154907] ==================================================
25-05-07.00:47|[gym-experiment-walker2d-medium-replay-154907] ==================================================
25-05-07.00:47|[gym-experiment-walker2d-medium-replay-154907] Starting new experiment: walker2d medium-replay
25-05-07.00:47|[gym-experiment-walker2d-medium-replay-154907] 1093 trajectories, 302000 timesteps found
25-05-07.00:47|[gym-experiment-walker2d-medium-replay-154907] Average return: 482.70, std: 895.96
25-05-07.00:47|[gym-experiment-walker2d-medium-replay-154907] Max return: 3932.00, min: -250.20
25-05-07.00:47|[gym-experiment-walker2d-medium-replay-154907] ==================================================
25-05-07.00:47|[gym-experiment-walker2d-medium-replay-154907] ================================================================================
25-05-07.00:47|[gym-experiment-walker2d-medium-replay-154907] Iteration 1
25-05-07.00:47|[gym-experiment-walker2d-medium-replay-154907] time/training: 4.743688583374023
25-05-07.00:47|[gym-experiment-walker2d-medium-replay-154907] evaluation/target_10000_return_mean: 30.325687240605657
25-05-07.00:47|[gym-experiment-walker2d-medium-replay-154907] evaluation/target_10000_return_detail: [20.41520043624201, 14.777745412809779, 100.16740414148074, 16.632484712341903, 12.129175000721382, 29.730476636295453, 57.447184579511166, 23.39110824821077, 7.60492852592112, 20.961164712522272]
25-05-07.00:47|[gym-experiment-walker2d-medium-replay-154907] evaluation/target_10000_return_std: 26.691541646629705
25-05-07.00:47|[gym-experiment-walker2d-medium-replay-154907] evaluation/target_10000_length_mean: 48.5
25-05-07.00:47|[gym-experiment-walker2d-medium-replay-154907] evaluation/target_10000_length_detail: [40, 29, 84, 33, 32, 63, 99, 34, 24, 47]
25-05-07.00:47|[gym-experiment-walker2d-medium-replay-154907] evaluation/target_10000_length_std: 24.08007475071454
25-05-07.00:47|[gym-experiment-walker2d-medium-replay-154907] evaluation/target_10000_normalized_score: 0.6251086015664017
25-05-07.00:47|[gym-experiment-walker2d-medium-replay-154907] evaluation/target_5000_return_mean: 33.675408109389586
25-05-07.00:47|[gym-experiment-walker2d-medium-replay-154907] evaluation/target_5000_return_detail: [122.88493899285139, 34.846910537639395, 10.701927564711651, 67.94458011538771, 50.027027682828724, 9.172845112977885, 4.0108594026036375, 7.453628924467418, 17.47826588266388, 12.233096877764192]
25-05-07.00:47|[gym-experiment-walker2d-medium-replay-154907] evaluation/target_5000_return_std: 35.80406138084682
25-05-07.00:47|[gym-experiment-walker2d-medium-replay-154907] evaluation/target_5000_length_mean: 56.1
25-05-07.00:47|[gym-experiment-walker2d-medium-replay-154907] evaluation/target_5000_length_detail: [122, 46, 47, 97, 72, 47, 27, 32, 33, 38]
25-05-07.00:47|[gym-experiment-walker2d-medium-replay-154907] evaluation/target_5000_length_std: 29.706733243492124
25-05-07.00:47|[gym-experiment-walker2d-medium-replay-154907] evaluation/target_5000_normalized_score: 0.6980766028590529
25-05-07.00:47|[gym-experiment-walker2d-medium-replay-154907] time/total: 32.23776292800903
25-05-07.00:47|[gym-experiment-walker2d-medium-replay-154907] time/evaluation: 27.492201566696167
25-05-07.00:47|[gym-experiment-walker2d-medium-replay-154907] training/train_loss_mean: 4.167640334367752
25-05-07.00:47|[gym-experiment-walker2d-medium-replay-154907] training/train_loss_std: 1.524240028406604
25-05-07.00:47|[gym-experiment-walker2d-medium-replay-154907] training/action_error: 4.750410079956055
25-05-07.00:47|[gym-experiment-walker2d-medium-replay-154907] ----------------------------------------Best_Iteration: 1
25-05-07.00:47|[gym-experiment-walker2d-medium-replay-154907] Best_return_mean: 33.675408109389586
25-05-07.00:47|[gym-experiment-walker2d-medium-replay-154907] Best_normalized_score: 0.6980766028590529
25-05-07.00:48|[gym-experiment-walker2d-medium-replay-154907] ================================================================================
25-05-07.00:48|[gym-experiment-walker2d-medium-replay-154907] Iteration 2
25-05-07.00:48|[gym-experiment-walker2d-medium-replay-154907] time/training: 2.6761412620544434
25-05-07.00:48|[gym-experiment-walker2d-medium-replay-154907] evaluation/target_10000_return_mean: 66.75110921014898
25-05-07.00:48|[gym-experiment-walker2d-medium-replay-154907] evaluation/target_10000_return_detail: [12.793310891237011, 190.54602033313623, 17.43559847312895, 178.80520095086223, 50.64309303322589, 87.75874160973933, 24.72300579333501, 42.49530140480785, 31.277834910309473, 31.03298470170785]
25-05-07.00:48|[gym-experiment-walker2d-medium-replay-154907] evaluation/target_10000_return_std: 62.301199985000736
25-05-07.00:48|[gym-experiment-walker2d-medium-replay-154907] evaluation/target_10000_length_mean: 72.0
25-05-07.00:48|[gym-experiment-walker2d-medium-replay-154907] evaluation/target_10000_length_detail: [43, 146, 30, 119, 58, 92, 66, 56, 42, 68]
25-05-07.00:48|[gym-experiment-walker2d-medium-replay-154907] evaluation/target_10000_length_std: 34.77642879882867
25-05-07.00:48|[gym-experiment-walker2d-medium-replay-154907] evaluation/target_10000_normalized_score: 1.4185747862052183
25-05-07.00:48|[gym-experiment-walker2d-medium-replay-154907] evaluation/target_5000_return_mean: 22.8670073106257
25-05-07.00:48|[gym-experiment-walker2d-medium-replay-154907] evaluation/target_5000_return_detail: [12.686483951518237, 21.330306219431062, 24.384617688414934, 16.997940381619596, 18.107458721383463, 32.885330359886595, 16.433233081578873, 35.027608168301406, 18.205422692212196, 32.611671841910585]
25-05-07.00:48|[gym-experiment-walker2d-medium-replay-154907] evaluation/target_5000_return_std: 7.561324060702658
25-05-07.00:48|[gym-experiment-walker2d-medium-replay-154907] evaluation/target_5000_length_mean: 41.2
25-05-07.00:48|[gym-experiment-walker2d-medium-replay-154907] evaluation/target_5000_length_detail: [34, 37, 37, 31, 46, 53, 30, 55, 41, 48]
25-05-07.00:48|[gym-experiment-walker2d-medium-replay-154907] evaluation/target_5000_length_std: 8.45931439302264
25-05-07.00:48|[gym-experiment-walker2d-medium-replay-154907] evaluation/target_5000_normalized_score: 0.46263387961447044
25-05-07.00:48|[gym-experiment-walker2d-medium-replay-154907] time/total: 64.25303959846497
25-05-07.00:48|[gym-experiment-walker2d-medium-replay-154907] time/evaluation: 29.33623743057251
25-05-07.00:48|[gym-experiment-walker2d-medium-replay-154907] training/train_loss_mean: 3.795008623600006
25-05-07.00:48|[gym-experiment-walker2d-medium-replay-154907] training/train_loss_std: 1.7905768286712187
25-05-07.00:48|[gym-experiment-walker2d-medium-replay-154907] training/action_error: 2.2359566688537598
25-05-07.00:48|[gym-experiment-walker2d-medium-replay-154907] ----------------------------------------Best_Iteration: 2
25-05-07.00:48|[gym-experiment-walker2d-medium-replay-154907] Best_return_mean: 66.75110921014898
25-05-07.00:48|[gym-experiment-walker2d-medium-replay-154907] Best_normalized_score: 1.4185747862052183
25-05-07.00:49|[gym-experiment-walker2d-medium-replay-154907] ================================================================================
25-05-07.00:49|[gym-experiment-walker2d-medium-replay-154907] Iteration 3
25-05-07.00:49|[gym-experiment-walker2d-medium-replay-154907] time/training: 2.6824984550476074
25-05-07.00:49|[gym-experiment-walker2d-medium-replay-154907] evaluation/target_10000_return_mean: 59.01729674174139
25-05-07.00:49|[gym-experiment-walker2d-medium-replay-154907] evaluation/target_10000_return_detail: [30.92714555928255, 14.094548206715901, 289.1237239345858, 67.78746934711884, 26.214828582291535, 16.220728081450776, 24.62461436625469, 31.61182300604533, 31.748396471526153, 57.819689862142354]
25-05-07.00:49|[gym-experiment-walker2d-medium-replay-154907] evaluation/target_10000_return_std: 78.37058483555498
25-05-07.00:49|[gym-experiment-walker2d-medium-replay-154907] evaluation/target_10000_length_mean: 78.6
25-05-07.00:49|[gym-experiment-walker2d-medium-replay-154907] evaluation/target_10000_length_detail: [64, 35, 180, 82, 74, 43, 57, 70, 61, 120]
25-05-07.00:49|[gym-experiment-walker2d-medium-replay-154907] evaluation/target_10000_length_std: 40.32418629061224
25-05-07.00:49|[gym-experiment-walker2d-medium-replay-154907] evaluation/target_10000_normalized_score: 1.2501067674366106
25-05-07.00:49|[gym-experiment-walker2d-medium-replay-154907] evaluation/target_5000_return_mean: 77.27263418616722
25-05-07.00:49|[gym-experiment-walker2d-medium-replay-154907] evaluation/target_5000_return_detail: [42.997764415917594, 97.83594517048274, 41.92197814081984, 65.26119178437993, 84.1254527143589, 121.33333645249992, 19.19514513151178, 28.67789241859019, 39.54287412499069, 231.8347615081207]
25-05-07.00:49|[gym-experiment-walker2d-medium-replay-154907] evaluation/target_5000_return_std: 60.022742650356065
25-05-07.00:49|[gym-experiment-walker2d-medium-replay-154907] evaluation/target_5000_length_mean: 85.1
25-05-07.00:49|[gym-experiment-walker2d-medium-replay-154907] evaluation/target_5000_length_detail: [95, 94, 47, 122, 85, 112, 58, 49, 60, 129]
25-05-07.00:49|[gym-experiment-walker2d-medium-replay-154907] evaluation/target_5000_length_std: 28.825162618795407
25-05-07.00:49|[gym-experiment-walker2d-medium-replay-154907] evaluation/target_5000_normalized_score: 1.6477684050542654
25-05-07.00:49|[gym-experiment-walker2d-medium-replay-154907] time/total: 111.40700554847717
25-05-07.00:49|[gym-experiment-walker2d-medium-replay-154907] time/evaluation: 44.468634843826294
25-05-07.00:49|[gym-experiment-walker2d-medium-replay-154907] training/train_loss_mean: 3.009287491440773
25-05-07.00:49|[gym-experiment-walker2d-medium-replay-154907] training/train_loss_std: 1.4733349948900278
25-05-07.00:49|[gym-experiment-walker2d-medium-replay-154907] training/action_error: 2.7386951446533203
25-05-07.00:49|[gym-experiment-walker2d-medium-replay-154907] ----------------------------------------Best_Iteration: 3
25-05-07.00:49|[gym-experiment-walker2d-medium-replay-154907] Best_return_mean: 77.27263418616722
25-05-07.00:49|[gym-experiment-walker2d-medium-replay-154907] Best_normalized_score: 1.6477684050542654
25-05-07.00:49|[gym-experiment-walker2d-medium-replay-154907] ==================================================
25-05-07.00:49|[gym-experiment-walker2d-medium-replay-154907] Starting new experiment: walker2d medium-replay
25-05-07.00:49|[gym-experiment-walker2d-medium-replay-154907] 1093 trajectories, 302000 timesteps found
25-05-07.00:49|[gym-experiment-walker2d-medium-replay-154907] Average return: 482.70, std: 895.96
25-05-07.00:49|[gym-experiment-walker2d-medium-replay-154907] Max return: 3932.00, min: -250.20
25-05-07.00:49|[gym-experiment-walker2d-medium-replay-154907] ==================================================
25-05-07.00:51|[gym-experiment-walker2d-medium-replay-154907] ==================================================
25-05-07.00:51|[gym-experiment-walker2d-medium-replay-154907] Starting new experiment: walker2d medium-replay
25-05-07.00:51|[gym-experiment-walker2d-medium-replay-154907] 1093 trajectories, 302000 timesteps found
25-05-07.00:51|[gym-experiment-walker2d-medium-replay-154907] Average return: 482.70, std: 895.96
25-05-07.00:51|[gym-experiment-walker2d-medium-replay-154907] Max return: 3932.00, min: -250.20
25-05-07.00:51|[gym-experiment-walker2d-medium-replay-154907] ==================================================
25-05-07.01:00|[gym-experiment-walker2d-medium-replay-154907] ================================================================================
25-05-07.01:00|[gym-experiment-walker2d-medium-replay-154907] Iteration 1
25-05-07.01:00|[gym-experiment-walker2d-medium-replay-154907] time/training: 265.16946029663086
25-05-07.01:00|[gym-experiment-walker2d-medium-replay-154907] evaluation/target_10000_return_mean: 1907.7973096678124
25-05-07.01:00|[gym-experiment-walker2d-medium-replay-154907] evaluation/target_10000_return_detail: [2017.9251533863303, 1805.5139933194012, 1736.2051275161782, 1894.9675884301269, 1741.5606616248833, 1977.0218502117066, 1895.5204669179425, 1545.307205839734, 1655.3374373044323, 2808.6136121273876]
25-05-07.01:00|[gym-experiment-walker2d-medium-replay-154907] evaluation/target_10000_return_std: 330.3605533089338
25-05-07.01:00|[gym-experiment-walker2d-medium-replay-154907] evaluation/target_10000_length_mean: 492.2
25-05-07.01:00|[gym-experiment-walker2d-medium-replay-154907] evaluation/target_10000_length_detail: [519, 474, 459, 488, 460, 512, 488, 425, 445, 652]
25-05-07.01:00|[gym-experiment-walker2d-medium-replay-154907] evaluation/target_10000_length_std: 59.91293683337515
25-05-07.01:00|[gym-experiment-walker2d-medium-replay-154907] evaluation/target_10000_normalized_score: 41.5226511546923
25-05-07.01:00|[gym-experiment-walker2d-medium-replay-154907] evaluation/target_5000_return_mean: 1978.9681063567339
25-05-07.01:00|[gym-experiment-walker2d-medium-replay-154907] evaluation/target_5000_return_detail: [1834.0964286104975, 2057.908801797263, 2091.082356517616, 1823.3529588981237, 1897.6016527839602, 2132.5342078537337, 1853.2085499077705, 1906.3004228475074, 2078.7166103889635, 2114.879073961905]
25-05-07.01:00|[gym-experiment-walker2d-medium-replay-154907] evaluation/target_5000_return_std: 119.8856856969261
25-05-07.01:00|[gym-experiment-walker2d-medium-replay-154907] evaluation/target_5000_length_mean: 515.3
25-05-07.01:00|[gym-experiment-walker2d-medium-replay-154907] evaluation/target_5000_length_detail: [489, 533, 535, 489, 504, 542, 490, 504, 532, 535]
25-05-07.01:00|[gym-experiment-walker2d-medium-replay-154907] evaluation/target_5000_length_std: 20.880852473019388
25-05-07.01:00|[gym-experiment-walker2d-medium-replay-154907] evaluation/target_5000_normalized_score: 43.072986537318236
25-05-07.01:00|[gym-experiment-walker2d-medium-replay-154907] time/total: 524.1128778457642
25-05-07.01:00|[gym-experiment-walker2d-medium-replay-154907] time/evaluation: 258.941547870636
25-05-07.01:00|[gym-experiment-walker2d-medium-replay-154907] training/train_loss_mean: 2.9302037659958007
25-05-07.01:00|[gym-experiment-walker2d-medium-replay-154907] training/train_loss_std: 1.468803125386242
25-05-07.01:00|[gym-experiment-walker2d-medium-replay-154907] training/action_error: 2.769098997116089
25-05-07.01:00|[gym-experiment-walker2d-medium-replay-154907] ----------------------------------------Best_Iteration: 1
25-05-07.01:00|[gym-experiment-walker2d-medium-replay-154907] Best_return_mean: 1978.9681063567339
25-05-07.01:00|[gym-experiment-walker2d-medium-replay-154907] Best_normalized_score: 43.072986537318236
25-05-07.01:12|[gym-experiment-walker2d-medium-replay-154907] ================================================================================
25-05-07.01:12|[gym-experiment-walker2d-medium-replay-154907] Iteration 2
25-05-07.01:12|[gym-experiment-walker2d-medium-replay-154907] time/training: 262.77628445625305
25-05-07.01:12|[gym-experiment-walker2d-medium-replay-154907] evaluation/target_10000_return_mean: 2990.620649565962
25-05-07.01:12|[gym-experiment-walker2d-medium-replay-154907] evaluation/target_10000_return_detail: [3734.2266536302236, 3347.2020261800526, 3395.562235527695, 686.7183851840241, 2910.2946922627225, 3940.9265589879788, 3236.1332607390605, 4007.7065162197437, 2322.550367096824, 2324.8857998312947]
25-05-07.01:12|[gym-experiment-walker2d-medium-replay-154907] evaluation/target_10000_return_std: 951.0961031911797
25-05-07.01:12|[gym-experiment-walker2d-medium-replay-154907] evaluation/target_10000_length_mean: 776.5
25-05-07.01:12|[gym-experiment-walker2d-medium-replay-154907] evaluation/target_10000_length_detail: [919, 859, 867, 257, 729, 1000, 836, 1000, 636, 662]
25-05-07.01:12|[gym-experiment-walker2d-medium-replay-154907] evaluation/target_10000_length_std: 210.65006527414133
25-05-07.01:12|[gym-experiment-walker2d-medium-replay-154907] evaluation/target_10000_normalized_score: 65.11012544298583
25-05-07.01:12|[gym-experiment-walker2d-medium-replay-154907] evaluation/target_5000_return_mean: 3232.3728869554516
25-05-07.01:12|[gym-experiment-walker2d-medium-replay-154907] evaluation/target_5000_return_detail: [2156.485741790458, 3181.350925883968, 2106.6806697016236, 2479.3931109739456, 3748.300257797309, 3842.2917746776093, 3683.3821126275657, 3666.22914371242, 3826.043599582572, 3633.5715328070432]
25-05-07.01:12|[gym-experiment-walker2d-medium-replay-154907] evaluation/target_5000_return_std: 673.6115975755432
25-05-07.01:12|[gym-experiment-walker2d-medium-replay-154907] evaluation/target_5000_length_mean: 871.9
25-05-07.01:12|[gym-experiment-walker2d-medium-replay-154907] evaluation/target_5000_length_detail: [614, 878, 614, 654, 1000, 1000, 1000, 1000, 1000, 959]
25-05-07.01:12|[gym-experiment-walker2d-medium-replay-154907] evaluation/target_5000_length_std: 164.37058739324382
25-05-07.01:12|[gym-experiment-walker2d-medium-replay-154907] evaluation/target_5000_normalized_score: 70.37628888207311
25-05-07.01:12|[gym-experiment-walker2d-medium-replay-154907] time/total: 1245.0141923427582
25-05-07.01:12|[gym-experiment-walker2d-medium-replay-154907] time/evaluation: 458.12167501449585
25-05-07.01:12|[gym-experiment-walker2d-medium-replay-154907] training/train_loss_mean: 2.871005859300494
25-05-07.01:12|[gym-experiment-walker2d-medium-replay-154907] training/train_loss_std: 1.4570585996438263
25-05-07.01:12|[gym-experiment-walker2d-medium-replay-154907] training/action_error: 4.970393180847168
25-05-07.01:12|[gym-experiment-walker2d-medium-replay-154907] ----------------------------------------Best_Iteration: 2
25-05-07.01:12|[gym-experiment-walker2d-medium-replay-154907] Best_return_mean: 3232.3728869554516
25-05-07.01:12|[gym-experiment-walker2d-medium-replay-154907] Best_normalized_score: 70.37628888207311
25-05-07.01:25|[gym-experiment-walker2d-medium-replay-154907] ================================================================================
25-05-07.01:25|[gym-experiment-walker2d-medium-replay-154907] Iteration 3
25-05-07.01:25|[gym-experiment-walker2d-medium-replay-154907] time/training: 261.77878165245056
25-05-07.01:25|[gym-experiment-walker2d-medium-replay-154907] evaluation/target_10000_return_mean: 3463.4817763815054
25-05-07.01:25|[gym-experiment-walker2d-medium-replay-154907] evaluation/target_10000_return_detail: [3650.3188415088716, 3355.860006158563, 3510.7850193647564, 3723.6821697097457, 3428.533294876905, 3743.705680962268, 2375.6931191218896, 3405.874303265866, 3807.5745530817335, 3632.790775764452]
25-05-07.01:25|[gym-experiment-walker2d-medium-replay-154907] evaluation/target_10000_return_std: 391.13263337964673
25-05-07.01:25|[gym-experiment-walker2d-medium-replay-154907] evaluation/target_10000_length_mean: 962.6
25-05-07.01:25|[gym-experiment-walker2d-medium-replay-154907] evaluation/target_10000_length_detail: [1000, 1000, 1000, 1000, 1000, 1000, 626, 1000, 1000, 1000]
25-05-07.01:25|[gym-experiment-walker2d-medium-replay-154907] evaluation/target_10000_length_std: 112.19999999999999
25-05-07.01:25|[gym-experiment-walker2d-medium-replay-154907] evaluation/target_10000_normalized_score: 75.41060499465881
25-05-07.01:25|[gym-experiment-walker2d-medium-replay-154907] evaluation/target_5000_return_mean: 3497.352764278757
25-05-07.01:25|[gym-experiment-walker2d-medium-replay-154907] evaluation/target_5000_return_detail: [3457.367489917166, 3466.1699061782383, 3535.6520433304613, 3576.155858004578, 3523.590698701559, 3446.596277114567, 3568.836598245032, 3515.5543576003106, 3492.5190813474214, 3391.0853323482424]
25-05-07.01:25|[gym-experiment-walker2d-medium-replay-154907] evaluation/target_5000_return_std: 55.018154686886675
25-05-07.01:25|[gym-experiment-walker2d-medium-replay-154907] evaluation/target_5000_length_mean: 1000.0
25-05-07.01:25|[gym-experiment-walker2d-medium-replay-154907] evaluation/target_5000_length_detail: [1000, 1000, 1000, 1000, 1000, 1000, 1000, 1000, 1000, 1000]
25-05-07.01:25|[gym-experiment-walker2d-medium-replay-154907] evaluation/target_5000_length_std: 0.0
25-05-07.01:25|[gym-experiment-walker2d-medium-replay-154907] evaluation/target_5000_normalized_score: 76.14842715521611
25-05-07.01:25|[gym-experiment-walker2d-medium-replay-154907] time/total: 2012.7477111816406
25-05-07.01:25|[gym-experiment-walker2d-medium-replay-154907] time/evaluation: 505.95153617858887
25-05-07.01:25|[gym-experiment-walker2d-medium-replay-154907] training/train_loss_mean: 2.845764574404806
25-05-07.01:25|[gym-experiment-walker2d-medium-replay-154907] training/train_loss_std: 1.4908374892814111
25-05-07.01:25|[gym-experiment-walker2d-medium-replay-154907] training/action_error: 3.390139102935791
25-05-07.01:25|[gym-experiment-walker2d-medium-replay-154907] ----------------------------------------Best_Iteration: 3
25-05-07.01:25|[gym-experiment-walker2d-medium-replay-154907] Best_return_mean: 3497.352764278757
25-05-07.01:25|[gym-experiment-walker2d-medium-replay-154907] Best_normalized_score: 76.14842715521611
25-05-07.01:26|[gym-experiment-walker2d-medium-replay-154907] ==================================================
25-05-07.01:26|[gym-experiment-walker2d-medium-replay-154907] Starting new experiment: walker2d medium-replay
25-05-07.01:26|[gym-experiment-walker2d-medium-replay-154907] 1093 trajectories, 302000 timesteps found
25-05-07.01:26|[gym-experiment-walker2d-medium-replay-154907] Average return: 482.70, std: 895.96
25-05-07.01:26|[gym-experiment-walker2d-medium-replay-154907] Max return: 3932.00, min: -250.20
25-05-07.01:26|[gym-experiment-walker2d-medium-replay-154907] ==================================================
25-05-07.01:35|[gym-experiment-walker2d-medium-replay-154907] ================================================================================
25-05-07.01:35|[gym-experiment-walker2d-medium-replay-154907] Iteration 1
25-05-07.01:35|[gym-experiment-walker2d-medium-replay-154907] time/training: 263.1121139526367
25-05-07.01:35|[gym-experiment-walker2d-medium-replay-154907] evaluation/target_10000_return_mean: 1968.258905444541
25-05-07.01:35|[gym-experiment-walker2d-medium-replay-154907] evaluation/target_10000_return_detail: [1463.8902996978209, 1555.0211859954209, 2117.07732682982, 2934.778059947533, 2648.222029058573, 2180.002244301217, 1788.9026443286868, 1406.8873112918886, 1391.3625288576582, 2196.4454241367894]
25-05-07.01:35|[gym-experiment-walker2d-medium-replay-154907] evaluation/target_10000_return_std: 511.9403915089354
25-05-07.01:35|[gym-experiment-walker2d-medium-replay-154907] evaluation/target_10000_length_mean: 502.9
25-05-07.01:35|[gym-experiment-walker2d-medium-replay-154907] evaluation/target_10000_length_detail: [411, 426, 535, 676, 629, 544, 470, 397, 392, 549]
25-05-07.01:35|[gym-experiment-walker2d-medium-replay-154907] evaluation/target_10000_length_std: 94.69155189350316
25-05-07.01:35|[gym-experiment-walker2d-medium-replay-154907] evaluation/target_10000_normalized_score: 42.83970471575325
25-05-07.01:35|[gym-experiment-walker2d-medium-replay-154907] evaluation/target_5000_return_mean: 2029.025844915344
25-05-07.01:35|[gym-experiment-walker2d-medium-replay-154907] evaluation/target_5000_return_detail: [2123.698704411182, 1843.0279335897903, 1858.3748678330849, 2372.144985228177, 2394.7108690556106, 1862.6210253764073, 1846.1967059004728, 2026.5783802908625, 1870.9410785106056, 2091.963898957249]
25-05-07.01:35|[gym-experiment-walker2d-medium-replay-154907] evaluation/target_5000_return_std: 203.5218049224254
25-05-07.01:35|[gym-experiment-walker2d-medium-replay-154907] evaluation/target_5000_length_mean: 523.0
25-05-07.01:35|[gym-experiment-walker2d-medium-replay-154907] evaluation/target_5000_length_detail: [542, 491, 492, 581, 589, 497, 490, 524, 492, 532]
25-05-07.01:35|[gym-experiment-walker2d-medium-replay-154907] evaluation/target_5000_length_std: 35.880356742931085
25-05-07.01:35|[gym-experiment-walker2d-medium-replay-154907] evaluation/target_5000_normalized_score: 44.16340967253842
25-05-07.01:35|[gym-experiment-walker2d-medium-replay-154907] time/total: 515.396045923233
25-05-07.01:35|[gym-experiment-walker2d-medium-replay-154907] time/evaluation: 252.28201842308044
25-05-07.01:35|[gym-experiment-walker2d-medium-replay-154907] training/train_loss_mean: 2.9302037659958007
25-05-07.01:35|[gym-experiment-walker2d-medium-replay-154907] training/train_loss_std: 1.468803125386242
25-05-07.01:35|[gym-experiment-walker2d-medium-replay-154907] training/action_error: 2.769098997116089
25-05-07.01:35|[gym-experiment-walker2d-medium-replay-154907] ----------------------------------------Best_Iteration: 1
25-05-07.01:35|[gym-experiment-walker2d-medium-replay-154907] Best_return_mean: 2029.025844915344
25-05-07.01:35|[gym-experiment-walker2d-medium-replay-154907] Best_normalized_score: 44.16340967253842
25-05-07.01:46|[gym-experiment-walker2d-medium-replay-154907] ================================================================================
25-05-07.01:46|[gym-experiment-walker2d-medium-replay-154907] Iteration 2
25-05-07.01:46|[gym-experiment-walker2d-medium-replay-154907] time/training: 262.19270277023315
25-05-07.01:46|[gym-experiment-walker2d-medium-replay-154907] evaluation/target_10000_return_mean: 2865.005435718751
25-05-07.01:46|[gym-experiment-walker2d-medium-replay-154907] evaluation/target_10000_return_detail: [1556.9619532848285, 3778.5972595712724, 2495.2295274077164, 3637.7917209836837, 2365.2764642364023, 3598.874995593055, 2851.585774007517, 3960.122282203531, 2145.255785443961, 2260.3585944555416]
25-05-07.01:46|[gym-experiment-walker2d-medium-replay-154907] evaluation/target_10000_return_std: 784.280088358314
25-05-07.01:46|[gym-experiment-walker2d-medium-replay-154907] evaluation/target_10000_length_mean: 818.1
25-05-07.01:46|[gym-experiment-walker2d-medium-replay-154907] evaluation/target_10000_length_detail: [570, 980, 732, 931, 730, 920, 885, 1000, 703, 730]
25-05-07.01:46|[gym-experiment-walker2d-medium-replay-154907] evaluation/target_10000_length_std: 135.8833691074813
25-05-07.01:46|[gym-experiment-walker2d-medium-replay-154907] evaluation/target_10000_normalized_score: 62.37381055424481
25-05-07.01:46|[gym-experiment-walker2d-medium-replay-154907] evaluation/target_5000_return_mean: 2359.334378566372
25-05-07.01:46|[gym-experiment-walker2d-medium-replay-154907] evaluation/target_5000_return_detail: [554.4978498454673, 3273.0357495738003, 2559.52687138599, 269.3139096470143, 3803.417278318994, 3572.167546691748, 293.7029686548415, 2752.698418349068, 3089.2462037413575, 3425.736989455435]
25-05-07.01:46|[gym-experiment-walker2d-medium-replay-154907] evaluation/target_5000_return_std: 1347.161519305719
25-05-07.01:46|[gym-experiment-walker2d-medium-replay-154907] evaluation/target_5000_length_mean: 731.5
25-05-07.01:46|[gym-experiment-walker2d-medium-replay-154907] evaluation/target_5000_length_detail: [309, 993, 722, 222, 1000, 1000, 263, 925, 1000, 881]
25-05-07.01:46|[gym-experiment-walker2d-medium-replay-154907] evaluation/target_5000_length_std: 316.5644484145369
25-05-07.01:46|[gym-experiment-walker2d-medium-replay-154907] evaluation/target_5000_normalized_score: 51.358622185625194
25-05-07.01:46|[gym-experiment-walker2d-medium-replay-154907] time/total: 1181.9469282627106
25-05-07.01:46|[gym-experiment-walker2d-medium-replay-154907] time/evaluation: 404.35484170913696
25-05-07.01:46|[gym-experiment-walker2d-medium-replay-154907] training/train_loss_mean: 2.871003863312304
25-05-07.01:46|[gym-experiment-walker2d-medium-replay-154907] training/train_loss_std: 1.4570495964976569
25-05-07.01:46|[gym-experiment-walker2d-medium-replay-154907] training/action_error: 4.970917701721191
25-05-07.01:46|[gym-experiment-walker2d-medium-replay-154907] ----------------------------------------Best_Iteration: 2
25-05-07.01:46|[gym-experiment-walker2d-medium-replay-154907] Best_return_mean: 2865.005435718751
25-05-07.01:46|[gym-experiment-walker2d-medium-replay-154907] Best_normalized_score: 62.37381055424481
25-05-07.01:57|[gym-experiment-walker2d-medium-replay-154907] ================================================================================
25-05-07.01:57|[gym-experiment-walker2d-medium-replay-154907] Iteration 3
25-05-07.01:57|[gym-experiment-walker2d-medium-replay-154907] time/training: 259.34471917152405
25-05-07.01:57|[gym-experiment-walker2d-medium-replay-154907] evaluation/target_10000_return_mean: 1980.4711818772698
25-05-07.01:57|[gym-experiment-walker2d-medium-replay-154907] evaluation/target_10000_return_detail: [3170.9979586535483, 3154.1150965305255, 773.5519343412482, 737.9281157414644, 3249.866887405781, 676.46420906363, 685.0161206157383, 1858.8667941891008, 1881.1680968276607, 3616.736605404]
25-05-07.01:57|[gym-experiment-walker2d-medium-replay-154907] evaluation/target_10000_return_std: 1161.3517171831472
25-05-07.01:57|[gym-experiment-walker2d-medium-replay-154907] evaluation/target_10000_length_mean: 625.6
25-05-07.01:57|[gym-experiment-walker2d-medium-replay-154907] evaluation/target_10000_length_detail: [1000, 1000, 292, 282, 1000, 270, 267, 571, 574, 1000]
25-05-07.01:57|[gym-experiment-walker2d-medium-replay-154907] evaluation/target_10000_length_std: 324.1512609878296
25-05-07.01:57|[gym-experiment-walker2d-medium-replay-154907] evaluation/target_10000_normalized_score: 43.10572849428173
25-05-07.01:57|[gym-experiment-walker2d-medium-replay-154907] evaluation/target_5000_return_mean: 2914.2911015805726
25-05-07.01:57|[gym-experiment-walker2d-medium-replay-154907] evaluation/target_5000_return_detail: [3386.285875696309, 2692.5366933625605, 1618.2515956367656, 3151.031833006406, 3147.8341358681164, 3409.277429095839, 2552.356975942301, 3168.0215663376403, 3161.6506538394024, 2855.664257020388]
25-05-07.01:57|[gym-experiment-walker2d-medium-replay-154907] evaluation/target_5000_return_std: 506.68252264857387
25-05-07.01:57|[gym-experiment-walker2d-medium-replay-154907] evaluation/target_5000_length_mean: 919.7
25-05-07.01:57|[gym-experiment-walker2d-medium-replay-154907] evaluation/target_5000_length_detail: [1000, 1000, 507, 1000, 1000, 1000, 762, 1000, 1000, 928]
25-05-07.01:57|[gym-experiment-walker2d-medium-replay-154907] evaluation/target_5000_length_std: 155.04712186944974
25-05-07.01:57|[gym-experiment-walker2d-medium-replay-154907] evaluation/target_5000_normalized_score: 63.44741539213692
25-05-07.01:57|[gym-experiment-walker2d-medium-replay-154907] time/total: 1841.1506538391113
25-05-07.01:57|[gym-experiment-walker2d-medium-replay-154907] time/evaluation: 399.8558588027954
25-05-07.01:57|[gym-experiment-walker2d-medium-replay-154907] training/train_loss_mean: 2.8459303122982385
25-05-07.01:57|[gym-experiment-walker2d-medium-replay-154907] training/train_loss_std: 1.4907870468856326
25-05-07.01:57|[gym-experiment-walker2d-medium-replay-154907] training/action_error: 3.3909246921539307
25-05-07.01:57|[gym-experiment-walker2d-medium-replay-154907] ----------------------------------------Best_Iteration: 3
25-05-07.01:57|[gym-experiment-walker2d-medium-replay-154907] Best_return_mean: 2914.2911015805726
25-05-07.01:57|[gym-experiment-walker2d-medium-replay-154907] Best_normalized_score: 63.44741539213692
25-05-07.02:09|[gym-experiment-walker2d-medium-replay-154907] ================================================================================
25-05-07.02:09|[gym-experiment-walker2d-medium-replay-154907] Iteration 4
25-05-07.02:09|[gym-experiment-walker2d-medium-replay-154907] time/training: 259.20738649368286
25-05-07.02:09|[gym-experiment-walker2d-medium-replay-154907] evaluation/target_10000_return_mean: 3249.361872749844
25-05-07.02:09|[gym-experiment-walker2d-medium-replay-154907] evaluation/target_10000_return_detail: [3402.638856379015, 2704.6682985824723, 2309.594685300465, 3573.0383609723235, 2792.1096481651684, 3524.8509160980043, 3958.785342936951, 3571.0405723888393, 2517.2292499130645, 4139.662796762139]
25-05-07.02:09|[gym-experiment-walker2d-medium-replay-154907] evaluation/target_10000_return_std: 594.0118119658493
25-05-07.02:09|[gym-experiment-walker2d-medium-replay-154907] evaluation/target_10000_length_mean: 841.9
25-05-07.02:09|[gym-experiment-walker2d-medium-replay-154907] evaluation/target_10000_length_detail: [878, 725, 626, 1000, 743, 888, 998, 898, 663, 1000]
25-05-07.02:09|[gym-experiment-walker2d-medium-replay-154907] evaluation/target_10000_length_std: 135.27708601237683
25-05-07.02:09|[gym-experiment-walker2d-medium-replay-154907] evaluation/target_10000_normalized_score: 70.7463651917019
25-05-07.02:09|[gym-experiment-walker2d-medium-replay-154907] evaluation/target_5000_return_mean: 3317.3078897202686
25-05-07.02:09|[gym-experiment-walker2d-medium-replay-154907] evaluation/target_5000_return_detail: [3833.4232969691757, 2591.8206080423456, 3526.2338858303356, 2670.3017527774355, 3341.824137047768, 3799.1524217386614, 3741.8074816424137, 1949.0213945526286, 3976.4994284335753, 3742.994490168351]
25-05-07.02:09|[gym-experiment-walker2d-medium-replay-154907] evaluation/target_5000_return_std: 644.6626656554512
25-05-07.02:09|[gym-experiment-walker2d-medium-replay-154907] evaluation/target_5000_length_mean: 880.1
25-05-07.02:09|[gym-experiment-walker2d-medium-replay-154907] evaluation/target_5000_length_detail: [1000, 696, 1000, 719, 877, 1000, 948, 561, 1000, 1000]
25-05-07.02:09|[gym-experiment-walker2d-medium-replay-154907] evaluation/target_5000_length_std: 154.32786527390314
25-05-07.02:09|[gym-experiment-walker2d-medium-replay-154907] evaluation/target_5000_normalized_score: 72.22645420458981
25-05-07.02:09|[gym-experiment-walker2d-medium-replay-154907] time/total: 2562.1915361881256
25-05-07.02:09|[gym-experiment-walker2d-medium-replay-154907] time/evaluation: 461.8301465511322
25-05-07.02:09|[gym-experiment-walker2d-medium-replay-154907] training/train_loss_mean: 2.8159861915186046
25-05-07.02:09|[gym-experiment-walker2d-medium-replay-154907] training/train_loss_std: 1.4871297292425523
25-05-07.02:09|[gym-experiment-walker2d-medium-replay-154907] training/action_error: 6.289241790771484
25-05-07.02:09|[gym-experiment-walker2d-medium-replay-154907] ----------------------------------------Best_Iteration: 4
25-05-07.02:09|[gym-experiment-walker2d-medium-replay-154907] Best_return_mean: 3317.3078897202686
25-05-07.02:09|[gym-experiment-walker2d-medium-replay-154907] Best_normalized_score: 72.22645420458981
25-05-07.02:19|[gym-experiment-walker2d-medium-replay-154907] ================================================================================
25-05-07.02:19|[gym-experiment-walker2d-medium-replay-154907] Iteration 5
25-05-07.02:19|[gym-experiment-walker2d-medium-replay-154907] time/training: 260.3132178783417
25-05-07.02:19|[gym-experiment-walker2d-medium-replay-154907] evaluation/target_10000_return_mean: 2710.4962868516295
25-05-07.02:19|[gym-experiment-walker2d-medium-replay-154907] evaluation/target_10000_return_detail: [3021.4633175185154, 1782.9045471706697, 1871.2640195009008, 3781.637166383196, 2772.0459570079724, 2392.748560586346, 2325.1276888805237, 3679.807663766911, 3759.018580436583, 1718.9453672646744]
25-05-07.02:19|[gym-experiment-walker2d-medium-replay-154907] evaluation/target_10000_return_std: 780.011424242847
25-05-07.02:19|[gym-experiment-walker2d-medium-replay-154907] evaluation/target_10000_length_mean: 737.8
25-05-07.02:19|[gym-experiment-walker2d-medium-replay-154907] evaluation/target_10000_length_detail: [847, 533, 532, 985, 755, 668, 633, 928, 1000, 497]
25-05-07.02:19|[gym-experiment-walker2d-medium-replay-154907] evaluation/target_10000_length_std: 183.4092691223647
25-05-07.02:19|[gym-experiment-walker2d-medium-replay-154907] evaluation/target_10000_normalized_score: 59.00809018054826
25-05-07.02:19|[gym-experiment-walker2d-medium-replay-154907] evaluation/target_5000_return_mean: 2221.5478696256637
25-05-07.02:19|[gym-experiment-walker2d-medium-replay-154907] evaluation/target_5000_return_detail: [2187.237229785676, 2117.535628387579, 4042.578679209232, 1406.89271845095, 1908.4826496175285, 2088.4477046537504, 860.5694401139357, 2726.322413814411, 2150.095588358592, 2727.316643864982]
25-05-07.02:19|[gym-experiment-walker2d-medium-replay-154907] evaluation/target_5000_return_std: 804.7051997201803
25-05-07.02:19|[gym-experiment-walker2d-medium-replay-154907] evaluation/target_5000_length_mean: 608.3
25-05-07.02:19|[gym-experiment-walker2d-medium-replay-154907] evaluation/target_5000_length_detail: [602, 669, 1000, 418, 541, 581, 254, 704, 570, 744]
25-05-07.02:19|[gym-experiment-walker2d-medium-replay-154907] evaluation/target_5000_length_std: 187.93884643681304
25-05-07.02:19|[gym-experiment-walker2d-medium-replay-154907] evaluation/target_5000_normalized_score: 48.357176227489134
25-05-07.02:19|[gym-experiment-walker2d-medium-replay-154907] time/total: 3154.4210011959076
25-05-07.02:19|[gym-experiment-walker2d-medium-replay-154907] time/evaluation: 331.91298961639404
25-05-07.02:19|[gym-experiment-walker2d-medium-replay-154907] training/train_loss_mean: 2.8879372655302284
25-05-07.02:19|[gym-experiment-walker2d-medium-replay-154907] training/train_loss_std: 1.4546436308433945
25-05-07.02:19|[gym-experiment-walker2d-medium-replay-154907] training/action_error: 3.938446044921875
25-05-07.02:19|[gym-experiment-walker2d-medium-replay-154907] ----------------------------------------Best_Iteration: 4
25-05-07.02:19|[gym-experiment-walker2d-medium-replay-154907] Best_return_mean: 3317.3078897202686
25-05-07.02:19|[gym-experiment-walker2d-medium-replay-154907] Best_normalized_score: 72.22645420458981
25-05-07.02:29|[gym-experiment-walker2d-medium-replay-154907] ================================================================================
25-05-07.02:29|[gym-experiment-walker2d-medium-replay-154907] Iteration 6
25-05-07.02:29|[gym-experiment-walker2d-medium-replay-154907] time/training: 258.7995991706848
25-05-07.02:29|[gym-experiment-walker2d-medium-replay-154907] evaluation/target_10000_return_mean: 2226.5722979229986
25-05-07.02:29|[gym-experiment-walker2d-medium-replay-154907] evaluation/target_10000_return_detail: [1005.8639854060868, 1239.9813201471409, 3358.312699454306, 732.3548564213835, 3756.71768086551, 3291.9385840950804, 3922.3948547696746, 1081.262706347382, 2361.468425088154, 1515.4278666352654]
25-05-07.02:29|[gym-experiment-walker2d-medium-replay-154907] evaluation/target_10000_return_std: 1190.161099574998
25-05-07.02:29|[gym-experiment-walker2d-medium-replay-154907] evaluation/target_10000_length_mean: 582.3
25-05-07.02:29|[gym-experiment-walker2d-medium-replay-154907] evaluation/target_10000_length_detail: [324, 371, 786, 252, 949, 805, 1000, 325, 590, 421]
25-05-07.02:29|[gym-experiment-walker2d-medium-replay-154907] evaluation/target_10000_length_std: 266.9786695599482
25-05-07.02:29|[gym-experiment-walker2d-medium-replay-154907] evaluation/target_10000_normalized_score: 48.46662489645476
25-05-07.02:29|[gym-experiment-walker2d-medium-replay-154907] evaluation/target_5000_return_mean: 2956.8599257924566
25-05-07.02:29|[gym-experiment-walker2d-medium-replay-154907] evaluation/target_5000_return_detail: [973.3135900593009, 3603.8107328577216, 3733.249275545026, 1422.173154507371, 3766.2644207451567, 3363.2153713931943, 1021.9153974401614, 3770.246910465993, 4098.457234002131, 3815.9531709085068]
25-05-07.02:29|[gym-experiment-walker2d-medium-replay-154907] evaluation/target_5000_return_std: 1207.4021715360996
25-05-07.02:29|[gym-experiment-walker2d-medium-replay-154907] evaluation/target_5000_length_mean: 818.7
25-05-07.02:29|[gym-experiment-walker2d-medium-replay-154907] evaluation/target_5000_length_detail: [354, 1000, 1000, 427, 1000, 1000, 406, 1000, 1000, 1000]
25-05-07.02:29|[gym-experiment-walker2d-medium-replay-154907] evaluation/target_5000_length_std: 277.4498333032478
25-05-07.02:29|[gym-experiment-walker2d-medium-replay-154907] evaluation/target_5000_normalized_score: 64.37470519979395
25-05-07.02:29|[gym-experiment-walker2d-medium-replay-154907] time/total: 3769.7177183628082
25-05-07.02:29|[gym-experiment-walker2d-medium-replay-154907] time/evaluation: 356.49380326271057
25-05-07.02:29|[gym-experiment-walker2d-medium-replay-154907] training/train_loss_mean: 2.847024288918823
25-05-07.02:29|[gym-experiment-walker2d-medium-replay-154907] training/train_loss_std: 1.4778904558439214
25-05-07.02:29|[gym-experiment-walker2d-medium-replay-154907] training/action_error: 1.7197363376617432
25-05-07.02:29|[gym-experiment-walker2d-medium-replay-154907] ----------------------------------------Best_Iteration: 4
25-05-07.02:29|[gym-experiment-walker2d-medium-replay-154907] Best_return_mean: 3317.3078897202686
25-05-07.02:29|[gym-experiment-walker2d-medium-replay-154907] Best_normalized_score: 72.22645420458981
25-05-07.02:36|[gym-experiment-walker2d-medium-replay-154907] ==================================================
25-05-07.02:36|[gym-experiment-walker2d-medium-replay-154907] Starting new experiment: walker2d medium-replay
25-05-07.02:36|[gym-experiment-walker2d-medium-replay-154907] 1093 trajectories, 302000 timesteps found
25-05-07.02:36|[gym-experiment-walker2d-medium-replay-154907] Average return: 482.70, std: 895.96
25-05-07.02:36|[gym-experiment-walker2d-medium-replay-154907] Max return: 3932.00, min: -250.20
25-05-07.02:36|[gym-experiment-walker2d-medium-replay-154907] ==================================================
25-05-07.02:48|[gym-experiment-walker2d-medium-replay-154907] ================================================================================
25-05-07.02:48|[gym-experiment-walker2d-medium-replay-154907] Iteration 1
25-05-07.02:48|[gym-experiment-walker2d-medium-replay-154907] time/training: 261.1707489490509
25-05-07.02:48|[gym-experiment-walker2d-medium-replay-154907] evaluation/target_10000_return_mean: 3690.5139091876654
25-05-07.02:48|[gym-experiment-walker2d-medium-replay-154907] evaluation/target_10000_return_detail: [1316.2557944206028, 2574.8217341372474, 4142.600041327864, 4203.823297724931, 4103.788214217909, 4046.610527186981, 4156.896465170562, 4123.515813327997, 4103.2829921535495, 4133.544212209009]
25-05-07.02:48|[gym-experiment-walker2d-medium-replay-154907] evaluation/target_10000_return_std: 917.5509239029036
25-05-07.02:48|[gym-experiment-walker2d-medium-replay-154907] evaluation/target_10000_length_mean: 904.3
25-05-07.02:48|[gym-experiment-walker2d-medium-replay-154907] evaluation/target_10000_length_detail: [383, 660, 1000, 1000, 1000, 1000, 1000, 1000, 1000, 1000]
25-05-07.02:48|[gym-experiment-walker2d-medium-replay-154907] evaluation/target_10000_length_std: 201.1725875958253
25-05-07.02:48|[gym-experiment-walker2d-medium-replay-154907] evaluation/target_10000_normalized_score: 80.35611586228146
25-05-07.02:48|[gym-experiment-walker2d-medium-replay-154907] evaluation/target_5000_return_mean: 3756.5130940114914
25-05-07.02:48|[gym-experiment-walker2d-medium-replay-154907] evaluation/target_5000_return_detail: [1428.5133668760343, 4128.001012930684, 4147.623541059361, 4065.2445354452743, 4030.737014192754, 3901.9942190778233, 3899.077395783999, 4119.147483453093, 3852.0582487220045, 3992.734122573883]
25-05-07.02:48|[gym-experiment-walker2d-medium-replay-154907] evaluation/target_5000_return_std: 782.2397034020249
25-05-07.02:48|[gym-experiment-walker2d-medium-replay-154907] evaluation/target_5000_length_mean: 934.7
25-05-07.02:48|[gym-experiment-walker2d-medium-replay-154907] evaluation/target_5000_length_detail: [426, 1000, 1000, 1000, 1000, 1000, 939, 1000, 1000, 982]
25-05-07.02:48|[gym-experiment-walker2d-medium-replay-154907] evaluation/target_5000_length_std: 170.55207415918457
25-05-07.02:48|[gym-experiment-walker2d-medium-replay-154907] evaluation/target_5000_normalized_score: 81.79379643095737
25-05-07.02:48|[gym-experiment-walker2d-medium-replay-154907] time/total: 718.0714683532715
25-05-07.02:48|[gym-experiment-walker2d-medium-replay-154907] time/evaluation: 456.8981420993805
25-05-07.02:48|[gym-experiment-walker2d-medium-replay-154907] training/train_loss_mean: 2.9302037659958007
25-05-07.02:48|[gym-experiment-walker2d-medium-replay-154907] training/train_loss_std: 1.468803125386242
25-05-07.02:48|[gym-experiment-walker2d-medium-replay-154907] training/action_error: 2.769098997116089
25-05-07.02:48|[gym-experiment-walker2d-medium-replay-154907] ----------------------------------------Best_Iteration: 1
25-05-07.02:48|[gym-experiment-walker2d-medium-replay-154907] Best_return_mean: 3756.5130940114914
25-05-07.02:48|[gym-experiment-walker2d-medium-replay-154907] Best_normalized_score: 81.79379643095737
25-05-07.02:51|[gym-experiment-walker2d-medium-replay-154907] ==================================================
25-05-07.02:51|[gym-experiment-walker2d-medium-replay-154907] Starting new experiment: walker2d medium-replay
25-05-07.02:51|[gym-experiment-walker2d-medium-replay-154907] 1093 trajectories, 302000 timesteps found
25-05-07.02:51|[gym-experiment-walker2d-medium-replay-154907] Average return: 482.70, std: 895.96
25-05-07.02:51|[gym-experiment-walker2d-medium-replay-154907] Max return: 3932.00, min: -250.20
25-05-07.02:51|[gym-experiment-walker2d-medium-replay-154907] ==================================================
25-05-07.03:03|[gym-experiment-walker2d-medium-replay-154907] ================================================================================
25-05-07.03:03|[gym-experiment-walker2d-medium-replay-154907] Iteration 1
25-05-07.03:03|[gym-experiment-walker2d-medium-replay-154907] time/training: 261.60905265808105
25-05-07.03:03|[gym-experiment-walker2d-medium-replay-154907] evaluation/target_10000_return_mean: 3906.8490205421126
25-05-07.03:03|[gym-experiment-walker2d-medium-replay-154907] evaluation/target_10000_return_detail: [4161.226916044291, 4174.598124779657, 3960.4073640379675, 4084.14313281787, 4168.109261485947, 4080.2672964118196, 4187.514407739092, 4140.538750063863, 4131.422148829592, 1980.2628032110242]
25-05-07.03:03|[gym-experiment-walker2d-medium-replay-154907] evaluation/target_10000_return_std: 645.3357032477562
25-05-07.03:03|[gym-experiment-walker2d-medium-replay-154907] evaluation/target_10000_length_mean: 950.1
25-05-07.03:03|[gym-experiment-walker2d-medium-replay-154907] evaluation/target_10000_length_detail: [1000, 1000, 1000, 1000, 1000, 1000, 1000, 1000, 1000, 501]
25-05-07.03:03|[gym-experiment-walker2d-medium-replay-154907] evaluation/target_10000_length_std: 149.70000000000002
25-05-07.03:03|[gym-experiment-walker2d-medium-replay-154907] evaluation/target_10000_normalized_score: 85.06861021727762
25-05-07.03:03|[gym-experiment-walker2d-medium-replay-154907] evaluation/target_5000_return_mean: 4081.3184205353436
25-05-07.03:03|[gym-experiment-walker2d-medium-replay-154907] evaluation/target_5000_return_detail: [4092.7174225308318, 3960.2825863350786, 4142.050012391118, 4180.205326916564, 4142.159191912527, 4100.580827146107, 4051.239335374941, 3976.1646554518966, 3954.3709482732506, 4213.41389902112]
25-05-07.03:03|[gym-experiment-walker2d-medium-replay-154907] evaluation/target_5000_return_std: 88.23045874621396
25-05-07.03:03|[gym-experiment-walker2d-medium-replay-154907] evaluation/target_5000_length_mean: 1000.0
25-05-07.03:03|[gym-experiment-walker2d-medium-replay-154907] evaluation/target_5000_length_detail: [1000, 1000, 1000, 1000, 1000, 1000, 1000, 1000, 1000, 1000]
25-05-07.03:03|[gym-experiment-walker2d-medium-replay-154907] evaluation/target_5000_length_std: 0.0
25-05-07.03:03|[gym-experiment-walker2d-medium-replay-154907] evaluation/target_5000_normalized_score: 88.86913088837936
25-05-07.03:03|[gym-experiment-walker2d-medium-replay-154907] time/total: 750.8499100208282
25-05-07.03:03|[gym-experiment-walker2d-medium-replay-154907] time/evaluation: 489.2384366989136
25-05-07.03:03|[gym-experiment-walker2d-medium-replay-154907] training/train_loss_mean: 2.9302037659958007
25-05-07.03:03|[gym-experiment-walker2d-medium-replay-154907] training/train_loss_std: 1.468803125386242
25-05-07.03:03|[gym-experiment-walker2d-medium-replay-154907] training/action_error: 2.769098997116089
25-05-07.03:03|[gym-experiment-walker2d-medium-replay-154907] ----------------------------------------Best_Iteration: 1
25-05-07.03:03|[gym-experiment-walker2d-medium-replay-154907] Best_return_mean: 4081.3184205353436
25-05-07.03:03|[gym-experiment-walker2d-medium-replay-154907] Best_normalized_score: 88.86913088837936
25-05-07.03:16|[gym-experiment-walker2d-medium-replay-154907] ================================================================================
25-05-07.03:16|[gym-experiment-walker2d-medium-replay-154907] Iteration 2
25-05-07.03:16|[gym-experiment-walker2d-medium-replay-154907] time/training: 265.7587833404541
25-05-07.03:16|[gym-experiment-walker2d-medium-replay-154907] evaluation/target_10000_return_mean: 4018.344461507141
25-05-07.03:16|[gym-experiment-walker2d-medium-replay-154907] evaluation/target_10000_return_detail: [4068.211566864833, 3917.9617354224133, 4054.3949552793783, 3955.432170053651, 4090.5642085080726, 4016.966249692842, 4054.142888400246, 3983.2645919216393, 4065.9177043669406, 3976.588544561398]
25-05-07.03:16|[gym-experiment-walker2d-medium-replay-154907] evaluation/target_10000_return_std: 54.36681008586516
25-05-07.03:16|[gym-experiment-walker2d-medium-replay-154907] evaluation/target_10000_length_mean: 1000.0
25-05-07.03:16|[gym-experiment-walker2d-medium-replay-154907] evaluation/target_10000_length_detail: [1000, 1000, 1000, 1000, 1000, 1000, 1000, 1000, 1000, 1000]
25-05-07.03:16|[gym-experiment-walker2d-medium-replay-154907] evaluation/target_10000_length_std: 0.0
25-05-07.03:16|[gym-experiment-walker2d-medium-replay-154907] evaluation/target_10000_normalized_score: 87.49734974488325
25-05-07.03:16|[gym-experiment-walker2d-medium-replay-154907] evaluation/target_5000_return_mean: 3935.335597890833
25-05-07.03:16|[gym-experiment-walker2d-medium-replay-154907] evaluation/target_5000_return_detail: [3959.4977992319396, 4075.592906923467, 3831.0586676942853, 4103.274759409406, 4115.456802651365, 4188.019636128984, 4142.946920034367, 4010.2625993914053, 2749.87109919226, 4177.374788250856]
25-05-07.03:16|[gym-experiment-walker2d-medium-replay-154907] evaluation/target_5000_return_std: 408.4423582856061
25-05-07.03:16|[gym-experiment-walker2d-medium-replay-154907] evaluation/target_5000_length_mean: 967.9
25-05-07.03:16|[gym-experiment-walker2d-medium-replay-154907] evaluation/target_5000_length_detail: [1000, 1000, 1000, 1000, 1000, 1000, 1000, 1000, 679, 1000]
25-05-07.03:16|[gym-experiment-walker2d-medium-replay-154907] evaluation/target_5000_length_std: 96.3
25-05-07.03:16|[gym-experiment-walker2d-medium-replay-154907] evaluation/target_5000_normalized_score: 85.68914210462837
25-05-07.03:16|[gym-experiment-walker2d-medium-replay-154907] time/total: 1538.419070482254
25-05-07.03:16|[gym-experiment-walker2d-medium-replay-154907] time/evaluation: 521.8070170879364
25-05-07.03:16|[gym-experiment-walker2d-medium-replay-154907] training/train_loss_mean: 2.8710498122796415
25-05-07.03:16|[gym-experiment-walker2d-medium-replay-154907] training/train_loss_std: 1.4570382751301385
25-05-07.03:16|[gym-experiment-walker2d-medium-replay-154907] training/action_error: 4.970522403717041
25-05-07.03:16|[gym-experiment-walker2d-medium-replay-154907] ----------------------------------------Best_Iteration: 1
25-05-07.03:16|[gym-experiment-walker2d-medium-replay-154907] Best_return_mean: 4081.3184205353436
25-05-07.03:16|[gym-experiment-walker2d-medium-replay-154907] Best_normalized_score: 88.86913088837936
25-05-07.03:29|[gym-experiment-walker2d-medium-replay-154907] ================================================================================
25-05-07.03:29|[gym-experiment-walker2d-medium-replay-154907] Iteration 3
25-05-07.03:29|[gym-experiment-walker2d-medium-replay-154907] time/training: 264.6989459991455
25-05-07.03:29|[gym-experiment-walker2d-medium-replay-154907] evaluation/target_10000_return_mean: 3866.528987942145
25-05-07.03:29|[gym-experiment-walker2d-medium-replay-154907] evaluation/target_10000_return_detail: [3865.764976680641, 3932.545012236407, 3883.627967534533, 3847.8707857876793, 4048.3643522544526, 3856.985707269433, 3705.7930133358295, 3859.8518205281143, 3767.8433039461984, 3896.64293984816]
25-05-07.03:29|[gym-experiment-walker2d-medium-replay-154907] evaluation/target_10000_return_std: 86.4180126655413
25-05-07.03:29|[gym-experiment-walker2d-medium-replay-154907] evaluation/target_10000_length_mean: 1000.0
25-05-07.03:29|[gym-experiment-walker2d-medium-replay-154907] evaluation/target_10000_length_detail: [1000, 1000, 1000, 1000, 1000, 1000, 1000, 1000, 1000, 1000]
25-05-07.03:29|[gym-experiment-walker2d-medium-replay-154907] evaluation/target_10000_length_std: 0.0
25-05-07.03:29|[gym-experiment-walker2d-medium-replay-154907] evaluation/target_10000_normalized_score: 84.19030652985955
25-05-07.03:29|[gym-experiment-walker2d-medium-replay-154907] evaluation/target_5000_return_mean: 3760.855784668534
25-05-07.03:29|[gym-experiment-walker2d-medium-replay-154907] evaluation/target_5000_return_detail: [3295.546060605339, 3850.3499553280453, 3833.676428222287, 3836.9248167394244, 3842.5779275399764, 3689.903242912846, 3811.4470963167996, 3807.274400968771, 3744.5739817561257, 3896.2839362957234]
25-05-07.03:29|[gym-experiment-walker2d-medium-replay-154907] evaluation/target_5000_return_std: 164.51276898387997
25-05-07.03:29|[gym-experiment-walker2d-medium-replay-154907] evaluation/target_5000_length_mean: 988.1
25-05-07.03:29|[gym-experiment-walker2d-medium-replay-154907] evaluation/target_5000_length_detail: [881, 1000, 1000, 1000, 1000, 1000, 1000, 1000, 1000, 1000]
25-05-07.03:29|[gym-experiment-walker2d-medium-replay-154907] evaluation/target_5000_length_std: 35.699999999999996
25-05-07.03:29|[gym-experiment-walker2d-medium-replay-154907] evaluation/target_5000_normalized_score: 81.8883945989509
25-05-07.03:29|[gym-experiment-walker2d-medium-replay-154907] time/total: 2307.2442502975464
25-05-07.03:29|[gym-experiment-walker2d-medium-replay-154907] time/evaluation: 504.1230194568634
25-05-07.03:29|[gym-experiment-walker2d-medium-replay-154907] training/train_loss_mean: 2.846428537186235
25-05-07.03:29|[gym-experiment-walker2d-medium-replay-154907] training/train_loss_std: 1.490899251227995
25-05-07.03:29|[gym-experiment-walker2d-medium-replay-154907] training/action_error: 3.3923683166503906
25-05-07.03:29|[gym-experiment-walker2d-medium-replay-154907] ----------------------------------------Best_Iteration: 1
25-05-07.03:29|[gym-experiment-walker2d-medium-replay-154907] Best_return_mean: 4081.3184205353436
25-05-07.03:29|[gym-experiment-walker2d-medium-replay-154907] Best_normalized_score: 88.86913088837936
25-05-07.03:42|[gym-experiment-walker2d-medium-replay-154907] ================================================================================
25-05-07.03:42|[gym-experiment-walker2d-medium-replay-154907] Iteration 4
25-05-07.03:42|[gym-experiment-walker2d-medium-replay-154907] time/training: 268.2992594242096
25-05-07.03:42|[gym-experiment-walker2d-medium-replay-154907] evaluation/target_10000_return_mean: 3769.1299018795717
25-05-07.03:42|[gym-experiment-walker2d-medium-replay-154907] evaluation/target_10000_return_detail: [3866.5080732234205, 3814.249078011842, 3950.855269022454, 2713.2301044997243, 3896.279819965247, 3763.8924673309484, 3898.8846033583304, 3845.3972356084814, 3845.0883284380593, 4096.914039337205]
25-05-07.03:42|[gym-experiment-walker2d-medium-replay-154907] evaluation/target_10000_return_std: 362.15002194574487
25-05-07.03:42|[gym-experiment-walker2d-medium-replay-154907] evaluation/target_10000_length_mean: 973.0
25-05-07.03:42|[gym-experiment-walker2d-medium-replay-154907] evaluation/target_10000_length_detail: [1000, 1000, 1000, 730, 1000, 1000, 1000, 1000, 1000, 1000]
25-05-07.03:42|[gym-experiment-walker2d-medium-replay-154907] evaluation/target_10000_length_std: 81.0
25-05-07.03:42|[gym-experiment-walker2d-medium-replay-154907] evaluation/target_10000_normalized_score: 82.06863224232497
25-05-07.03:42|[gym-experiment-walker2d-medium-replay-154907] evaluation/target_5000_return_mean: 3471.550410553207
25-05-07.03:42|[gym-experiment-walker2d-medium-replay-154907] evaluation/target_5000_return_detail: [3810.4131987373703, 3977.9337009737023, 3950.897158754723, 3842.748274039934, 3936.4937676981694, 3788.4908150081224, 2007.006305762065, 3856.987099871321, 3730.168320086371, 1814.3654646002872]
25-05-07.03:42|[gym-experiment-walker2d-medium-replay-154907] evaluation/target_5000_return_std: 784.9861638784512
25-05-07.03:42|[gym-experiment-walker2d-medium-replay-154907] evaluation/target_5000_length_mean: 908.1
25-05-07.03:42|[gym-experiment-walker2d-medium-replay-154907] evaluation/target_5000_length_detail: [1000, 1000, 1000, 1000, 1000, 1000, 577, 1000, 1000, 504]
25-05-07.03:42|[gym-experiment-walker2d-medium-replay-154907] evaluation/target_5000_length_std: 184.5234131485758
25-05-07.03:42|[gym-experiment-walker2d-medium-replay-154907] evaluation/target_5000_normalized_score: 75.58636653770475
25-05-07.03:42|[gym-experiment-walker2d-medium-replay-154907] time/total: 3064.379819393158
25-05-07.03:42|[gym-experiment-walker2d-medium-replay-154907] time/evaluation: 488.83312582969666
25-05-07.03:42|[gym-experiment-walker2d-medium-replay-154907] training/train_loss_mean: 2.816117165490985
25-05-07.03:42|[gym-experiment-walker2d-medium-replay-154907] training/train_loss_std: 1.4870923872609174
25-05-07.03:42|[gym-experiment-walker2d-medium-replay-154907] training/action_error: 6.288486003875732
25-05-07.03:42|[gym-experiment-walker2d-medium-replay-154907] ----------------------------------------Best_Iteration: 1
25-05-07.03:42|[gym-experiment-walker2d-medium-replay-154907] Best_return_mean: 4081.3184205353436
25-05-07.03:42|[gym-experiment-walker2d-medium-replay-154907] Best_normalized_score: 88.86913088837936
25-05-07.03:44|[gym-experiment-walker2d-medium-replay-154907] ==================================================
25-05-07.03:44|[gym-experiment-walker2d-medium-replay-154907] Starting new experiment: walker2d medium-replay
25-05-07.03:44|[gym-experiment-walker2d-medium-replay-154907] 1093 trajectories, 302000 timesteps found
25-05-07.03:44|[gym-experiment-walker2d-medium-replay-154907] Average return: 482.70, std: 895.96
25-05-07.03:44|[gym-experiment-walker2d-medium-replay-154907] Max return: 3932.00, min: -250.20
25-05-07.03:44|[gym-experiment-walker2d-medium-replay-154907] ==================================================
25-05-07.03:57|[gym-experiment-walker2d-medium-replay-154907] ================================================================================
25-05-07.03:57|[gym-experiment-walker2d-medium-replay-154907] Iteration 1
25-05-07.03:57|[gym-experiment-walker2d-medium-replay-154907] time/training: 279.90418243408203
25-05-07.03:57|[gym-experiment-walker2d-medium-replay-154907] evaluation/target_10000_return_mean: 4099.211039647998
25-05-07.03:57|[gym-experiment-walker2d-medium-replay-154907] evaluation/target_10000_return_detail: [4148.6851027623, 3809.340889044126, 4208.377501353679, 4127.346209081561, 4178.531293320993, 4108.846480962097, 3972.614150540532, 4147.175358220181, 4155.145964729896, 4136.04744646462]
25-05-07.03:57|[gym-experiment-walker2d-medium-replay-154907] evaluation/target_10000_return_std: 113.30437790459264
25-05-07.03:57|[gym-experiment-walker2d-medium-replay-154907] evaluation/target_10000_length_mean: 1000.0
25-05-07.03:57|[gym-experiment-walker2d-medium-replay-154907] evaluation/target_10000_length_detail: [1000, 1000, 1000, 1000, 1000, 1000, 1000, 1000, 1000, 1000]
25-05-07.03:57|[gym-experiment-walker2d-medium-replay-154907] evaluation/target_10000_length_std: 0.0
25-05-07.03:57|[gym-experiment-walker2d-medium-replay-154907] evaluation/target_10000_normalized_score: 89.25889132087029
25-05-07.03:57|[gym-experiment-walker2d-medium-replay-154907] evaluation/target_5000_return_mean: 4037.5495433669626
25-05-07.03:57|[gym-experiment-walker2d-medium-replay-154907] evaluation/target_5000_return_detail: [4176.206927030657, 3913.2147907235, 4175.437514257048, 4088.1508285153363, 4184.614955044559, 3514.1052160742433, 3995.8212230668887, 4065.494559076192, 4134.411212379769, 4128.038207501429]
25-05-07.03:57|[gym-experiment-walker2d-medium-replay-154907] evaluation/target_5000_return_std: 192.86610389072874
25-05-07.03:57|[gym-experiment-walker2d-medium-replay-154907] evaluation/target_5000_length_mean: 984.4
25-05-07.03:57|[gym-experiment-walker2d-medium-replay-154907] evaluation/target_5000_length_detail: [1000, 1000, 1000, 1000, 1000, 844, 1000, 1000, 1000, 1000]
25-05-07.03:57|[gym-experiment-walker2d-medium-replay-154907] evaluation/target_5000_length_std: 46.8
25-05-07.03:57|[gym-experiment-walker2d-medium-replay-154907] evaluation/target_5000_normalized_score: 87.91569995759265
25-05-07.03:57|[gym-experiment-walker2d-medium-replay-154907] time/total: 789.6436877250671
25-05-07.03:57|[gym-experiment-walker2d-medium-replay-154907] time/evaluation: 509.73769545555115
25-05-07.03:57|[gym-experiment-walker2d-medium-replay-154907] training/train_loss_mean: 2.9302037659958007
25-05-07.03:57|[gym-experiment-walker2d-medium-replay-154907] training/train_loss_std: 1.468803125386242
25-05-07.03:57|[gym-experiment-walker2d-medium-replay-154907] training/action_error: 2.769098997116089
25-05-07.03:57|[gym-experiment-walker2d-medium-replay-154907] ----------------------------------------Best_Iteration: 1
25-05-07.03:57|[gym-experiment-walker2d-medium-replay-154907] Best_return_mean: 4099.211039647998
25-05-07.03:57|[gym-experiment-walker2d-medium-replay-154907] Best_normalized_score: 89.25889132087029
25-05-07.04:10|[gym-experiment-walker2d-medium-replay-154907] ================================================================================
25-05-07.04:10|[gym-experiment-walker2d-medium-replay-154907] Iteration 2
25-05-07.04:10|[gym-experiment-walker2d-medium-replay-154907] time/training: 283.1091241836548
25-05-07.04:10|[gym-experiment-walker2d-medium-replay-154907] evaluation/target_10000_return_mean: 3750.3051695403237
25-05-07.04:10|[gym-experiment-walker2d-medium-replay-154907] evaluation/target_10000_return_detail: [3835.416731927566, 3936.0478532736593, 4049.7250284067554, 3995.6428572456784, 1951.2018119835295, 3892.61318491613, 4097.004934131633, 4014.0236083199434, 3816.6744438895857, 3914.701241308759]
25-05-07.04:10|[gym-experiment-walker2d-medium-replay-154907] evaluation/target_10000_return_std: 605.7879751718058
25-05-07.04:10|[gym-experiment-walker2d-medium-replay-154907] evaluation/target_10000_length_mean: 956.6
25-05-07.04:10|[gym-experiment-walker2d-medium-replay-154907] evaluation/target_10000_length_detail: [1000, 1000, 1000, 1000, 566, 1000, 1000, 1000, 1000, 1000]
25-05-07.04:10|[gym-experiment-walker2d-medium-replay-154907] evaluation/target_10000_length_std: 130.20000000000002
25-05-07.04:10|[gym-experiment-walker2d-medium-replay-154907] evaluation/target_10000_normalized_score: 81.65856730035782
25-05-07.04:10|[gym-experiment-walker2d-medium-replay-154907] evaluation/target_5000_return_mean: 3716.5525787916313
25-05-07.04:10|[gym-experiment-walker2d-medium-replay-154907] evaluation/target_5000_return_detail: [3898.4215085780365, 3923.033556919087, 3975.8986603099006, 3900.1727408049937, 3988.1180619128477, 1688.2809954600393, 3986.511662347817, 3925.8894152072407, 3956.433498021984, 3922.7656883543677]
25-05-07.04:10|[gym-experiment-walker2d-medium-replay-154907] evaluation/target_5000_return_std: 676.8373071175557
25-05-07.04:10|[gym-experiment-walker2d-medium-replay-154907] evaluation/target_5000_length_mean: 947.3
25-05-07.04:10|[gym-experiment-walker2d-medium-replay-154907] evaluation/target_5000_length_detail: [1000, 1000, 1000, 1000, 1000, 473, 1000, 1000, 1000, 1000]
25-05-07.04:10|[gym-experiment-walker2d-medium-replay-154907] evaluation/target_5000_length_std: 158.10000000000002
25-05-07.04:10|[gym-experiment-walker2d-medium-replay-154907] evaluation/target_5000_normalized_score: 80.92332422135014
25-05-07.04:10|[gym-experiment-walker2d-medium-replay-154907] time/total: 1583.6852357387543
25-05-07.04:10|[gym-experiment-walker2d-medium-replay-154907] time/evaluation: 510.9293110370636
25-05-07.04:10|[gym-experiment-walker2d-medium-replay-154907] training/train_loss_mean: 2.87094575343281
25-05-07.04:10|[gym-experiment-walker2d-medium-replay-154907] training/train_loss_std: 1.4570258352374097
25-05-07.04:10|[gym-experiment-walker2d-medium-replay-154907] training/action_error: 4.969829559326172
25-05-07.04:10|[gym-experiment-walker2d-medium-replay-154907] ----------------------------------------Best_Iteration: 1
25-05-07.04:10|[gym-experiment-walker2d-medium-replay-154907] Best_return_mean: 4099.211039647998
25-05-07.04:10|[gym-experiment-walker2d-medium-replay-154907] Best_normalized_score: 89.25889132087029
25-05-07.04:23|[gym-experiment-walker2d-medium-replay-154907] ================================================================================
25-05-07.04:23|[gym-experiment-walker2d-medium-replay-154907] Iteration 3
25-05-07.04:23|[gym-experiment-walker2d-medium-replay-154907] time/training: 282.1889145374298
25-05-07.04:23|[gym-experiment-walker2d-medium-replay-154907] evaluation/target_10000_return_mean: 2843.939767060256
25-05-07.04:23|[gym-experiment-walker2d-medium-replay-154907] evaluation/target_10000_return_detail: [3656.6490038521893, 3891.3865124162353, 1918.8742496961197, 3858.5590820094308, 3831.029075418107, 1363.731794016117, 1375.2842317538814, 2980.4524440029, 1795.3684122616642, 3768.0628651759175]
25-05-07.04:23|[gym-experiment-walker2d-medium-replay-154907] evaluation/target_10000_return_std: 1045.8150256461624
25-05-07.04:23|[gym-experiment-walker2d-medium-replay-154907] evaluation/target_10000_length_mean: 805.5
25-05-07.04:23|[gym-experiment-walker2d-medium-replay-154907] evaluation/target_10000_length_detail: [1000, 1000, 578, 1000, 1000, 464, 467, 820, 726, 1000]
25-05-07.04:23|[gym-experiment-walker2d-medium-replay-154907] evaluation/target_10000_length_std: 218.77899807796908
25-05-07.04:23|[gym-experiment-walker2d-medium-replay-154907] evaluation/target_10000_normalized_score: 61.91493060629809
25-05-07.04:23|[gym-experiment-walker2d-medium-replay-154907] evaluation/target_5000_return_mean: 3354.625706833695
25-05-07.04:23|[gym-experiment-walker2d-medium-replay-154907] evaluation/target_5000_return_detail: [3721.7687076119696, 2735.5431721330942, 3415.3902079255454, 3693.330358467233, 3761.5082473239777, 1724.156516349635, 3164.874332821612, 3761.435791807832, 3798.812144150103, 3769.437589745948]
25-05-07.04:23|[gym-experiment-walker2d-medium-replay-154907] evaluation/target_5000_return_std: 634.9270851659817
25-05-07.04:23|[gym-experiment-walker2d-medium-replay-154907] evaluation/target_5000_length_mean: 924.6
25-05-07.04:23|[gym-experiment-walker2d-medium-replay-154907] evaluation/target_5000_length_detail: [1000, 817, 1000, 1000, 1000, 548, 881, 1000, 1000, 1000]
25-05-07.04:23|[gym-experiment-walker2d-medium-replay-154907] evaluation/target_5000_length_std: 139.67906070703654
25-05-07.04:23|[gym-experiment-walker2d-medium-replay-154907] evaluation/target_5000_normalized_score: 73.03935970747727
25-05-07.04:23|[gym-experiment-walker2d-medium-replay-154907] time/total: 2355.8209552764893
25-05-07.04:23|[gym-experiment-walker2d-medium-replay-154907] time/evaluation: 489.94358229637146
25-05-07.04:23|[gym-experiment-walker2d-medium-replay-154907] training/train_loss_mean: 2.8467262113839387
25-05-07.04:23|[gym-experiment-walker2d-medium-replay-154907] training/train_loss_std: 1.4909876673083045
25-05-07.04:23|[gym-experiment-walker2d-medium-replay-154907] training/action_error: 3.390890121459961
25-05-07.04:23|[gym-experiment-walker2d-medium-replay-154907] ----------------------------------------Best_Iteration: 1
25-05-07.04:23|[gym-experiment-walker2d-medium-replay-154907] Best_return_mean: 4099.211039647998
25-05-07.04:23|[gym-experiment-walker2d-medium-replay-154907] Best_normalized_score: 89.25889132087029
25-05-20.11:44|[gym-experiment-walker2d-medium-replay-154907] ==================================================
25-05-20.11:44|[gym-experiment-walker2d-medium-replay-154907] Starting new experiment: walker2d medium-replay
25-05-20.11:44|[gym-experiment-walker2d-medium-replay-154907] 1093 trajectories, 302000 timesteps found
25-05-20.11:44|[gym-experiment-walker2d-medium-replay-154907] Average return: 482.70, std: 895.96
25-05-20.11:44|[gym-experiment-walker2d-medium-replay-154907] Max return: 3932.00, min: -250.20
25-05-20.11:44|[gym-experiment-walker2d-medium-replay-154907] ==================================================
25-05-20.11:48|[gym-experiment-walker2d-medium-replay-154907] ================================================================================
25-05-20.11:48|[gym-experiment-walker2d-medium-replay-154907] Iteration 1
25-05-20.11:48|[gym-experiment-walker2d-medium-replay-154907] time/training: 104.80959916114807
25-05-20.11:48|[gym-experiment-walker2d-medium-replay-154907] evaluation/target_10000_return_mean: 1234.620656611493
25-05-20.11:48|[gym-experiment-walker2d-medium-replay-154907] evaluation/target_10000_return_detail: [1395.714669966828, 1120.7521393363743, 1029.8986714769387, 996.1759273044504, 1145.5892444309832, 1303.1519710732568, 1403.7930562627453, 1422.0994488769918, 1024.7559168485457, 1504.2755205378119]
25-05-20.11:48|[gym-experiment-walker2d-medium-replay-154907] evaluation/target_10000_return_std: 181.88787395035482
25-05-20.11:48|[gym-experiment-walker2d-medium-replay-154907] evaluation/target_10000_length_mean: 446.6
25-05-20.11:48|[gym-experiment-walker2d-medium-replay-154907] evaluation/target_10000_length_detail: [475, 400, 397, 392, 404, 480, 523, 501, 400, 494]
25-05-20.11:48|[gym-experiment-walker2d-medium-replay-154907] evaluation/target_10000_length_std: 49.56248581336493
25-05-20.11:48|[gym-experiment-walker2d-medium-replay-154907] evaluation/target_10000_normalized_score: 26.85863680407905
25-05-20.11:48|[gym-experiment-walker2d-medium-replay-154907] evaluation/target_5000_return_mean: 1266.0124572782088
25-05-20.11:48|[gym-experiment-walker2d-medium-replay-154907] evaluation/target_5000_return_detail: [1630.2833552802601, 1335.2772888623308, 1173.8781047628001, 1216.647435014372, 1326.0464580430125, 1139.9012675528843, 1113.7614952813233, 1215.8011508370905, 1296.4141196334842, 1212.1138975145313]
25-05-20.11:48|[gym-experiment-walker2d-medium-replay-154907] evaluation/target_5000_return_std: 140.5188629067178
25-05-20.11:48|[gym-experiment-walker2d-medium-replay-154907] evaluation/target_5000_length_mean: 457.4
25-05-20.11:48|[gym-experiment-walker2d-medium-replay-154907] evaluation/target_5000_length_detail: [514, 462, 459, 441, 483, 423, 415, 447, 468, 462]
25-05-20.11:48|[gym-experiment-walker2d-medium-replay-154907] evaluation/target_5000_length_std: 27.155846515989886
25-05-20.11:48|[gym-experiment-walker2d-medium-replay-154907] evaluation/target_5000_normalized_score: 27.542454065682442
25-05-20.11:48|[gym-experiment-walker2d-medium-replay-154907] time/total: 213.16145515441895
25-05-20.11:48|[gym-experiment-walker2d-medium-replay-154907] time/evaluation: 108.35012149810791
25-05-20.11:48|[gym-experiment-walker2d-medium-replay-154907] training/train_loss_mean: 2.9995302068665626
25-05-20.11:48|[gym-experiment-walker2d-medium-replay-154907] training/train_loss_std: 1.4881118574279
25-05-20.11:48|[gym-experiment-walker2d-medium-replay-154907] training/action_error: 2.7831249237060547
25-05-20.11:48|[gym-experiment-walker2d-medium-replay-154907] ----------------------------------------Best_Iteration: 1
25-05-20.11:48|[gym-experiment-walker2d-medium-replay-154907] Best_return_mean: 1266.0124572782088
25-05-20.11:48|[gym-experiment-walker2d-medium-replay-154907] Best_normalized_score: 27.542454065682442
25-05-20.11:51|[gym-experiment-walker2d-medium-replay-154907] ================================================================================
25-05-20.11:51|[gym-experiment-walker2d-medium-replay-154907] Iteration 2
25-05-20.11:51|[gym-experiment-walker2d-medium-replay-154907] time/training: 100.41879510879517
25-05-20.11:51|[gym-experiment-walker2d-medium-replay-154907] evaluation/target_10000_return_mean: 1195.6115236698138
25-05-20.11:51|[gym-experiment-walker2d-medium-replay-154907] evaluation/target_10000_return_detail: [483.5585722923294, 1980.4584142630003, 1761.0811178835754, 695.246582316676, 518.2607258212788, 526.732581939774, 471.76842523479064, 710.9820102074009, 3030.7878040339197, 1777.2390027053912]
25-05-20.11:51|[gym-experiment-walker2d-medium-replay-154907] evaluation/target_10000_return_std: 840.4942133436657
25-05-20.11:51|[gym-experiment-walker2d-medium-replay-154907] evaluation/target_10000_length_mean: 383.9
25-05-20.11:51|[gym-experiment-walker2d-medium-replay-154907] evaluation/target_10000_length_detail: [225, 571, 503, 271, 236, 230, 216, 274, 818, 495]
25-05-20.11:51|[gym-experiment-walker2d-medium-replay-154907] evaluation/target_10000_length_std: 193.3393131259134
25-05-20.11:51|[gym-experiment-walker2d-medium-replay-154907] evaluation/target_10000_normalized_score: 26.00888884763305
25-05-20.11:51|[gym-experiment-walker2d-medium-replay-154907] evaluation/target_5000_return_mean: 821.911195140576
25-05-20.11:51|[gym-experiment-walker2d-medium-replay-154907] evaluation/target_5000_return_detail: [511.4162979898844, 471.2136412110604, 564.0598634019099, 472.53140936012113, 650.5030976987181, 457.89327536221265, 499.36891749892004, 664.3749749754091, 2856.9766922824256, 1070.7737816250967]
25-05-20.11:51|[gym-experiment-walker2d-medium-replay-154907] evaluation/target_5000_return_std: 700.1510213809398
25-05-20.11:51|[gym-experiment-walker2d-medium-replay-154907] evaluation/target_5000_length_mean: 291.2
25-05-20.11:51|[gym-experiment-walker2d-medium-replay-154907] evaluation/target_5000_length_detail: [222, 215, 248, 220, 258, 214, 226, 259, 710, 340]
25-05-20.11:51|[gym-experiment-walker2d-medium-replay-154907] evaluation/target_5000_length_std: 144.1026023359745
25-05-20.11:51|[gym-experiment-walker2d-medium-replay-154907] evaluation/target_5000_normalized_score: 17.86845950341579
25-05-20.11:51|[gym-experiment-walker2d-medium-replay-154907] time/total: 394.3299250602722
25-05-20.11:51|[gym-experiment-walker2d-medium-replay-154907] time/evaluation: 80.74646925926208
25-05-20.11:51|[gym-experiment-walker2d-medium-replay-154907] training/train_loss_mean: 2.880460673071444
25-05-20.11:51|[gym-experiment-walker2d-medium-replay-154907] training/train_loss_std: 1.458531326756595
25-05-20.11:51|[gym-experiment-walker2d-medium-replay-154907] training/action_error: 2.7751362323760986
25-05-20.11:51|[gym-experiment-walker2d-medium-replay-154907] ----------------------------------------Best_Iteration: 1
25-05-20.11:51|[gym-experiment-walker2d-medium-replay-154907] Best_return_mean: 1266.0124572782088
25-05-20.11:51|[gym-experiment-walker2d-medium-replay-154907] Best_normalized_score: 27.542454065682442
25-05-20.11:55|[gym-experiment-walker2d-medium-replay-154907] ================================================================================
25-05-20.11:55|[gym-experiment-walker2d-medium-replay-154907] Iteration 3
25-05-20.11:55|[gym-experiment-walker2d-medium-replay-154907] time/training: 101.55226922035217
25-05-20.11:55|[gym-experiment-walker2d-medium-replay-154907] evaluation/target_10000_return_mean: 1821.5685189760256
25-05-20.11:55|[gym-experiment-walker2d-medium-replay-154907] evaluation/target_10000_return_detail: [1543.0344494378085, 1259.2429090760447, 1609.029711720479, 1839.9424374650769, 1788.595908722344, 2348.2980669793355, 1889.250665517707, 2028.6296856675706, 1497.508296088977, 2412.153059084914]
25-05-20.11:55|[gym-experiment-walker2d-medium-replay-154907] evaluation/target_10000_return_std: 349.155151969043
25-05-20.11:55|[gym-experiment-walker2d-medium-replay-154907] evaluation/target_10000_length_mean: 605.6
25-05-20.11:55|[gym-experiment-walker2d-medium-replay-154907] evaluation/target_10000_length_detail: [523, 508, 629, 602, 579, 706, 629, 634, 522, 724]
25-05-20.11:55|[gym-experiment-walker2d-medium-replay-154907] evaluation/target_10000_length_std: 70.75196110356237
25-05-20.11:55|[gym-experiment-walker2d-medium-replay-154907] evaluation/target_10000_normalized_score: 39.644302851316716
25-05-20.11:55|[gym-experiment-walker2d-medium-replay-154907] evaluation/target_5000_return_mean: 2016.5870852992332
25-05-20.11:55|[gym-experiment-walker2d-medium-replay-154907] evaluation/target_5000_return_detail: [2873.8191480895457, 1690.1854513788417, 1426.081864615445, 3487.686210325, 1287.222778195261, 1377.0289027751737, 2994.4660773581786, 2545.2203767014303, 1416.940455037905, 1067.219588515551]
25-05-20.11:55|[gym-experiment-walker2d-medium-replay-154907] evaluation/target_5000_return_std: 824.1235376896341
25-05-20.11:55|[gym-experiment-walker2d-medium-replay-154907] evaluation/target_5000_length_mean: 640.3
25-05-20.11:55|[gym-experiment-walker2d-medium-replay-154907] evaluation/target_5000_length_detail: [809, 547, 506, 964, 477, 488, 891, 794, 501, 426]
25-05-20.11:55|[gym-experiment-walker2d-medium-replay-154907] evaluation/target_5000_length_std: 190.17047615231974
25-05-20.11:55|[gym-experiment-walker2d-medium-replay-154907] evaluation/target_5000_normalized_score: 43.8924523410767
25-05-20.11:55|[gym-experiment-walker2d-medium-replay-154907] time/total: 645.2778713703156
25-05-20.11:55|[gym-experiment-walker2d-medium-replay-154907] time/evaluation: 149.39262580871582
25-05-20.11:55|[gym-experiment-walker2d-medium-replay-154907] training/train_loss_mean: 2.8769596415013075
25-05-20.11:55|[gym-experiment-walker2d-medium-replay-154907] training/train_loss_std: 1.4620711796558599
25-05-20.11:55|[gym-experiment-walker2d-medium-replay-154907] training/action_error: 3.3586230278015137
25-05-20.11:55|[gym-experiment-walker2d-medium-replay-154907] ----------------------------------------Best_Iteration: 3
25-05-20.11:55|[gym-experiment-walker2d-medium-replay-154907] Best_return_mean: 2016.5870852992332
25-05-20.11:55|[gym-experiment-walker2d-medium-replay-154907] Best_normalized_score: 43.8924523410767
25-05-20.11:59|[gym-experiment-walker2d-medium-replay-154907] ================================================================================
25-05-20.11:59|[gym-experiment-walker2d-medium-replay-154907] Iteration 4
25-05-20.11:59|[gym-experiment-walker2d-medium-replay-154907] time/training: 102.34848499298096
25-05-20.11:59|[gym-experiment-walker2d-medium-replay-154907] evaluation/target_10000_return_mean: 2452.682876819536
25-05-20.11:59|[gym-experiment-walker2d-medium-replay-154907] evaluation/target_10000_return_detail: [3993.3393834689346, 4054.8168151352925, 2552.1740697118075, 1866.6408144984, 3963.5750412654725, 1234.1690198702838, 938.8110068690764, 914.0270213921748, 1135.0161074698976, 3874.2594885140215]
25-05-20.11:59|[gym-experiment-walker2d-medium-replay-154907] evaluation/target_10000_return_std: 1322.0350310885026
25-05-20.11:59|[gym-experiment-walker2d-medium-replay-154907] evaluation/target_10000_length_mean: 640.9
25-05-20.11:59|[gym-experiment-walker2d-medium-replay-154907] evaluation/target_10000_length_detail: [1000, 1000, 666, 505, 1000, 360, 279, 279, 320, 1000]
25-05-20.11:59|[gym-experiment-walker2d-medium-replay-154907] evaluation/target_10000_length_std: 312.8473909112876
25-05-20.11:59|[gym-experiment-walker2d-medium-replay-154907] evaluation/target_10000_normalized_score: 53.39206127145467
25-05-20.11:59|[gym-experiment-walker2d-medium-replay-154907] evaluation/target_5000_return_mean: 2888.5513146487615
25-05-20.11:59|[gym-experiment-walker2d-medium-replay-154907] evaluation/target_5000_return_detail: [1638.2371036353363, 2736.3910264973397, 1564.3968594320409, 2436.858220882891, 3661.2654860433577, 3817.8661568751986, 3699.0311821322753, 3695.2014235958336, 2539.801371170356, 3096.4643162229827]
25-05-20.11:59|[gym-experiment-walker2d-medium-replay-154907] evaluation/target_5000_return_std: 804.7968483782175
25-05-20.11:59|[gym-experiment-walker2d-medium-replay-154907] evaluation/target_5000_length_mean: 768.0
25-05-20.11:59|[gym-experiment-walker2d-medium-replay-154907] evaluation/target_5000_length_detail: [446, 740, 453, 644, 898, 1000, 1000, 1000, 612, 887]
25-05-20.11:59|[gym-experiment-walker2d-medium-replay-154907] evaluation/target_5000_length_std: 208.7912833429595
25-05-20.11:59|[gym-experiment-walker2d-medium-replay-154907] evaluation/target_5000_normalized_score: 62.88671768636216
25-05-20.11:59|[gym-experiment-walker2d-medium-replay-154907] time/total: 920.0973641872406
25-05-20.11:59|[gym-experiment-walker2d-medium-replay-154907] time/evaluation: 172.46821117401123
25-05-20.11:59|[gym-experiment-walker2d-medium-replay-154907] training/train_loss_mean: 2.8656027499884367
25-05-20.11:59|[gym-experiment-walker2d-medium-replay-154907] training/train_loss_std: 1.4519781852617646
25-05-20.11:59|[gym-experiment-walker2d-medium-replay-154907] training/action_error: 4.975920677185059
25-05-20.11:59|[gym-experiment-walker2d-medium-replay-154907] ----------------------------------------Best_Iteration: 4
25-05-20.11:59|[gym-experiment-walker2d-medium-replay-154907] Best_return_mean: 2888.5513146487615
25-05-20.11:59|[gym-experiment-walker2d-medium-replay-154907] Best_normalized_score: 62.88671768636216
25-05-20.12:04|[gym-experiment-walker2d-medium-replay-154907] ================================================================================
25-05-20.12:04|[gym-experiment-walker2d-medium-replay-154907] Iteration 5
25-05-20.12:04|[gym-experiment-walker2d-medium-replay-154907] time/training: 101.30009341239929
25-05-20.12:04|[gym-experiment-walker2d-medium-replay-154907] evaluation/target_10000_return_mean: 1982.6599229780418
25-05-20.12:04|[gym-experiment-walker2d-medium-replay-154907] evaluation/target_10000_return_detail: [2309.978581717089, 1756.2052451804425, 2677.9936292148195, 1641.2276694338789, 1959.5234017381747, 1762.6297596158631, 1793.6411917391633, 2264.7210860261785, 1934.1274912942952, 1726.551173820517]
25-05-20.12:04|[gym-experiment-walker2d-medium-replay-154907] evaluation/target_10000_return_std: 314.748536522098
25-05-20.12:04|[gym-experiment-walker2d-medium-replay-154907] evaluation/target_10000_length_mean: 564.0
25-05-20.12:04|[gym-experiment-walker2d-medium-replay-154907] evaluation/target_10000_length_detail: [634, 529, 725, 490, 560, 509, 525, 631, 546, 491]
25-05-20.12:04|[gym-experiment-walker2d-medium-replay-154907] evaluation/target_10000_length_std: 72.26755842008225
25-05-20.12:04|[gym-experiment-walker2d-medium-replay-154907] evaluation/target_10000_normalized_score: 43.15340651574277
25-05-20.12:04|[gym-experiment-walker2d-medium-replay-154907] evaluation/target_5000_return_mean: 2044.9709631889623
25-05-20.12:04|[gym-experiment-walker2d-medium-replay-154907] evaluation/target_5000_return_detail: [2388.293970301983, 1880.6470148990172, 1803.7705182013094, 1742.813249155132, 1749.298587626624, 2039.324215043441, 2311.2991615699448, 2010.2911693427288, 2534.7635532719387, 1989.208192477506]
25-05-20.12:04|[gym-experiment-walker2d-medium-replay-154907] evaluation/target_5000_return_std: 263.99691109823556
25-05-20.12:04|[gym-experiment-walker2d-medium-replay-154907] evaluation/target_5000_length_mean: 589.6
25-05-20.12:04|[gym-experiment-walker2d-medium-replay-154907] evaluation/target_5000_length_detail: [664, 534, 557, 511, 530, 589, 661, 572, 709, 569]
25-05-20.12:04|[gym-experiment-walker2d-medium-replay-154907] evaluation/target_5000_length_std: 62.855707775825735
25-05-20.12:04|[gym-experiment-walker2d-medium-replay-154907] evaluation/target_5000_normalized_score: 44.510747094484046
25-05-20.12:04|[gym-experiment-walker2d-medium-replay-154907] time/total: 1166.6531596183777
25-05-20.12:04|[gym-experiment-walker2d-medium-replay-154907] time/evaluation: 145.25262236595154
25-05-20.12:04|[gym-experiment-walker2d-medium-replay-154907] training/train_loss_mean: 2.822974458254874
25-05-20.12:04|[gym-experiment-walker2d-medium-replay-154907] training/train_loss_std: 1.4417804292414709
25-05-20.12:04|[gym-experiment-walker2d-medium-replay-154907] training/action_error: 0.7997154593467712
25-05-20.12:04|[gym-experiment-walker2d-medium-replay-154907] ----------------------------------------Best_Iteration: 4
25-05-20.12:04|[gym-experiment-walker2d-medium-replay-154907] Best_return_mean: 2888.5513146487615
25-05-20.12:04|[gym-experiment-walker2d-medium-replay-154907] Best_normalized_score: 62.88671768636216
25-05-20.12:09|[gym-experiment-walker2d-medium-replay-154907] ================================================================================
25-05-20.12:09|[gym-experiment-walker2d-medium-replay-154907] Iteration 6
25-05-20.12:09|[gym-experiment-walker2d-medium-replay-154907] time/training: 101.47004985809326
25-05-20.12:09|[gym-experiment-walker2d-medium-replay-154907] evaluation/target_10000_return_mean: 3267.3337442847974
25-05-20.12:09|[gym-experiment-walker2d-medium-replay-154907] evaluation/target_10000_return_detail: [3361.404414189451, 3052.412728299768, 3745.6468637879534, 2982.7601022931117, 3663.7232944100256, 3197.8645982016433, 3217.4127912229105, 3079.114421492203, 3284.9157685406476, 3088.0824604102604]
25-05-20.12:09|[gym-experiment-walker2d-medium-replay-154907] evaluation/target_10000_return_std: 244.3594350816675
25-05-20.12:09|[gym-experiment-walker2d-medium-replay-154907] evaluation/target_10000_length_mean: 974.0
25-05-20.12:09|[gym-experiment-walker2d-medium-replay-154907] evaluation/target_10000_length_detail: [1000, 1000, 986, 837, 1000, 1000, 1000, 1000, 917, 1000]
25-05-20.12:09|[gym-experiment-walker2d-medium-replay-154907] evaluation/target_10000_length_std: 51.8594253728288
25-05-20.12:09|[gym-experiment-walker2d-medium-replay-154907] evaluation/target_10000_normalized_score: 71.13785200411499
25-05-20.12:09|[gym-experiment-walker2d-medium-replay-154907] evaluation/target_5000_return_mean: 3252.220870788403
25-05-20.12:09|[gym-experiment-walker2d-medium-replay-154907] evaluation/target_5000_return_detail: [3587.200145971591, 3543.8546506927155, 3078.8372534213195, 3738.908669597204, 1814.075745804129, 3253.8265671574436, 3543.5183754338477, 3235.713006822368, 3563.740767741617, 3162.5335252417945]
25-05-20.12:09|[gym-experiment-walker2d-medium-replay-154907] evaluation/target_5000_return_std: 521.7918607428988
25-05-20.12:09|[gym-experiment-walker2d-medium-replay-154907] evaluation/target_5000_length_mean: 955.0
25-05-20.12:09|[gym-experiment-walker2d-medium-replay-154907] evaluation/target_5000_length_detail: [1000, 1000, 1000, 1000, 550, 1000, 1000, 1000, 1000, 1000]
25-05-20.12:09|[gym-experiment-walker2d-medium-replay-154907] evaluation/target_5000_length_std: 135.0
25-05-20.12:09|[gym-experiment-walker2d-medium-replay-154907] evaluation/target_5000_normalized_score: 70.80864362645666
25-05-20.12:09|[gym-experiment-walker2d-medium-replay-154907] time/total: 1503.1495294570923
25-05-20.12:09|[gym-experiment-walker2d-medium-replay-154907] time/evaluation: 235.0231544971466
25-05-20.12:09|[gym-experiment-walker2d-medium-replay-154907] training/train_loss_mean: 2.8690920093581083
25-05-20.12:09|[gym-experiment-walker2d-medium-replay-154907] training/train_loss_std: 1.5377804260955892
25-05-20.12:09|[gym-experiment-walker2d-medium-replay-154907] training/action_error: 3.3987438678741455
25-05-20.12:09|[gym-experiment-walker2d-medium-replay-154907] ----------------------------------------Best_Iteration: 6
25-05-20.12:09|[gym-experiment-walker2d-medium-replay-154907] Best_return_mean: 3267.3337442847974
25-05-20.12:09|[gym-experiment-walker2d-medium-replay-154907] Best_normalized_score: 71.13785200411499
25-05-20.12:12|[gym-experiment-walker2d-medium-replay-154907] ================================================================================
25-05-20.12:12|[gym-experiment-walker2d-medium-replay-154907] Iteration 7
25-05-20.12:12|[gym-experiment-walker2d-medium-replay-154907] time/training: 101.70241856575012
25-05-20.12:12|[gym-experiment-walker2d-medium-replay-154907] evaluation/target_10000_return_mean: 461.91475276297314
25-05-20.12:12|[gym-experiment-walker2d-medium-replay-154907] evaluation/target_10000_return_detail: [476.70315006275894, 485.4846819846893, 472.5153893674656, 442.85900767305696, 455.09799636554624, 493.77663977482206, 422.2421429127546, 427.9644933973875, 481.23081985871585, 461.27320623253445]
25-05-20.12:12|[gym-experiment-walker2d-medium-replay-154907] evaluation/target_10000_return_std: 23.262500511809176
25-05-20.12:12|[gym-experiment-walker2d-medium-replay-154907] evaluation/target_10000_length_mean: 168.4
25-05-20.12:12|[gym-experiment-walker2d-medium-replay-154907] evaluation/target_10000_length_detail: [172, 174, 168, 164, 169, 174, 161, 162, 172, 168]
25-05-20.12:12|[gym-experiment-walker2d-medium-replay-154907] evaluation/target_10000_length_std: 4.521061822182926
25-05-20.12:12|[gym-experiment-walker2d-medium-replay-154907] evaluation/target_10000_normalized_score: 10.026546131602478
25-05-20.12:12|[gym-experiment-walker2d-medium-replay-154907] evaluation/target_5000_return_mean: 307.85771755555527
25-05-20.12:12|[gym-experiment-walker2d-medium-replay-154907] evaluation/target_5000_return_detail: [276.05792622415663, 469.4302407393946, 289.082427141626, 276.40371860840474, 275.93824375889164, 283.14872255113863, 266.503374185194, 271.6356098905892, 388.19859849757546, 282.1783139585812]
25-05-20.12:12|[gym-experiment-walker2d-medium-replay-154907] evaluation/target_5000_return_std: 63.422765248066874
25-05-20.12:12|[gym-experiment-walker2d-medium-replay-154907] evaluation/target_5000_length_mean: 129.5
25-05-20.12:12|[gym-experiment-walker2d-medium-replay-154907] evaluation/target_5000_length_detail: [122, 167, 126, 122, 122, 125, 119, 120, 148, 124]
25-05-20.12:12|[gym-experiment-walker2d-medium-replay-154907] evaluation/target_5000_length_std: 14.76651617681029
25-05-20.12:12|[gym-experiment-walker2d-medium-replay-154907] evaluation/target_5000_normalized_score: 6.67067428899194
25-05-20.12:12|[gym-experiment-walker2d-medium-replay-154907] time/total: 1649.3798899650574
25-05-20.12:12|[gym-experiment-walker2d-medium-replay-154907] time/evaluation: 44.52474546432495
25-05-20.12:12|[gym-experiment-walker2d-medium-replay-154907] training/train_loss_mean: 2.839410623602569
25-05-20.12:12|[gym-experiment-walker2d-medium-replay-154907] training/train_loss_std: 1.4777102125189419
25-05-20.12:12|[gym-experiment-walker2d-medium-replay-154907] training/action_error: 3.131641387939453
25-05-20.12:12|[gym-experiment-walker2d-medium-replay-154907] ----------------------------------------Best_Iteration: 6
25-05-20.12:12|[gym-experiment-walker2d-medium-replay-154907] Best_return_mean: 3267.3337442847974
25-05-20.12:12|[gym-experiment-walker2d-medium-replay-154907] Best_normalized_score: 71.13785200411499
25-05-20.12:17|[gym-experiment-walker2d-medium-replay-154907] ================================================================================
25-05-20.12:17|[gym-experiment-walker2d-medium-replay-154907] Iteration 8
25-05-20.12:17|[gym-experiment-walker2d-medium-replay-154907] time/training: 101.5521411895752
25-05-20.12:17|[gym-experiment-walker2d-medium-replay-154907] evaluation/target_10000_return_mean: 3001.7154209507394
25-05-20.12:17|[gym-experiment-walker2d-medium-replay-154907] evaluation/target_10000_return_detail: [2883.5209838895435, 3646.6566995694247, 3646.9369759680562, 3488.3212793443554, 3547.1121365619315, 2680.4765962985116, 1570.396571876278, 3704.6811967038043, 2246.477686314071, 2602.5740829814135]
25-05-20.12:17|[gym-experiment-walker2d-medium-replay-154907] evaluation/target_10000_return_std: 689.6520591758506
25-05-20.12:17|[gym-experiment-walker2d-medium-replay-154907] evaluation/target_10000_length_mean: 841.9
25-05-20.12:17|[gym-experiment-walker2d-medium-replay-154907] evaluation/target_10000_length_detail: [811, 1000, 1000, 1000, 1000, 758, 477, 1000, 627, 746]
25-05-20.12:17|[gym-experiment-walker2d-medium-replay-154907] evaluation/target_10000_length_std: 179.30501945009794
25-05-20.12:17|[gym-experiment-walker2d-medium-replay-154907] evaluation/target_10000_normalized_score: 65.35180626489861
25-05-20.12:17|[gym-experiment-walker2d-medium-replay-154907] evaluation/target_5000_return_mean: 3461.4695729001346
25-05-20.12:17|[gym-experiment-walker2d-medium-replay-154907] evaluation/target_5000_return_detail: [3341.9584852352787, 3462.175746155575, 3287.1843560784464, 3641.2748588849263, 3786.461009450722, 2520.144213288848, 3748.4218508797367, 3405.03612766744, 3617.229623363102, 3804.809457997269]
25-05-20.12:17|[gym-experiment-walker2d-medium-replay-154907] evaluation/target_5000_return_std: 360.0515735977203
25-05-20.12:17|[gym-experiment-walker2d-medium-replay-154907] evaluation/target_5000_length_mean: 960.0
25-05-20.12:17|[gym-experiment-walker2d-medium-replay-154907] evaluation/target_5000_length_detail: [1000, 1000, 918, 1000, 1000, 682, 1000, 1000, 1000, 1000]
25-05-20.12:17|[gym-experiment-walker2d-medium-replay-154907] evaluation/target_5000_length_std: 95.83736223415166
25-05-20.12:17|[gym-experiment-walker2d-medium-replay-154907] evaluation/target_5000_normalized_score: 75.36677254652918
25-05-20.12:17|[gym-experiment-walker2d-medium-replay-154907] time/total: 1976.3720808029175
25-05-20.12:17|[gym-experiment-walker2d-medium-replay-154907] time/evaluation: 225.43678045272827
25-05-20.12:17|[gym-experiment-walker2d-medium-replay-154907] training/train_loss_mean: 2.7943103598579766
25-05-20.12:17|[gym-experiment-walker2d-medium-replay-154907] training/train_loss_std: 1.496032890005451
25-05-20.12:17|[gym-experiment-walker2d-medium-replay-154907] training/action_error: 6.292778015136719
25-05-20.12:17|[gym-experiment-walker2d-medium-replay-154907] ----------------------------------------Best_Iteration: 8
25-05-20.12:17|[gym-experiment-walker2d-medium-replay-154907] Best_return_mean: 3461.4695729001346
25-05-20.12:17|[gym-experiment-walker2d-medium-replay-154907] Best_normalized_score: 75.36677254652918
25-05-20.12:19|[gym-experiment-walker2d-medium-replay-154907] ================================================================================
25-05-20.12:19|[gym-experiment-walker2d-medium-replay-154907] Iteration 9
25-05-20.12:19|[gym-experiment-walker2d-medium-replay-154907] time/training: 100.40382409095764
25-05-20.12:19|[gym-experiment-walker2d-medium-replay-154907] evaluation/target_10000_return_mean: -0.4386117953549588
25-05-20.12:19|[gym-experiment-walker2d-medium-replay-154907] evaluation/target_10000_return_detail: [4.8584655208764, -11.799388940383857, -3.1948653042823936, 6.995831743375322, -15.689179753608355, 7.935141897194654, -3.5165761409885974, 3.0484214112725825, 5.206577183823776, 1.7694544291708785]
25-05-20.12:19|[gym-experiment-walker2d-medium-replay-154907] evaluation/target_10000_return_std: 7.622799509902043
25-05-20.12:19|[gym-experiment-walker2d-medium-replay-154907] evaluation/target_10000_length_mean: 121.4
25-05-20.12:19|[gym-experiment-walker2d-medium-replay-154907] evaluation/target_10000_length_detail: [118, 128, 122, 119, 127, 122, 120, 118, 119, 121]
25-05-20.12:19|[gym-experiment-walker2d-medium-replay-154907] evaluation/target_10000_length_std: 3.352610922848042
25-05-20.12:19|[gym-experiment-walker2d-medium-replay-154907] evaluation/target_10000_normalized_score: -0.04503959876362577
25-05-20.12:19|[gym-experiment-walker2d-medium-replay-154907] evaluation/target_5000_return_mean: -0.15312767485852613
25-05-20.12:19|[gym-experiment-walker2d-medium-replay-154907] evaluation/target_5000_return_detail: [10.653634814486315, -7.359139815134003, -16.468040147679154, -6.814475159646027, 7.989660529486409, -9.130214551353601, 11.701752854681787, -8.559087022278963, 7.2234859054317875, 9.231145843420189]
25-05-20.12:19|[gym-experiment-walker2d-medium-replay-154907] evaluation/target_5000_return_std: 9.898651911263977
25-05-20.12:19|[gym-experiment-walker2d-medium-replay-154907] evaluation/target_5000_length_mean: 124.6
25-05-20.12:19|[gym-experiment-walker2d-medium-replay-154907] evaluation/target_5000_length_detail: [117, 140, 136, 125, 121, 134, 121, 117, 118, 117]
25-05-20.12:19|[gym-experiment-walker2d-medium-replay-154907] evaluation/target_5000_length_std: 8.357032966310472
25-05-20.12:19|[gym-experiment-walker2d-medium-replay-154907] evaluation/target_5000_normalized_score: -0.038820810246785076
25-05-20.12:19|[gym-experiment-walker2d-medium-replay-154907] time/total: 2106.4763329029083
25-05-20.12:19|[gym-experiment-walker2d-medium-replay-154907] time/evaluation: 29.6972496509552
25-05-20.12:19|[gym-experiment-walker2d-medium-replay-154907] training/train_loss_mean: 2.9375113330557943
25-05-20.12:19|[gym-experiment-walker2d-medium-replay-154907] training/train_loss_std: 1.4652838014828768
25-05-20.12:19|[gym-experiment-walker2d-medium-replay-154907] training/action_error: 4.765515327453613
25-05-20.12:19|[gym-experiment-walker2d-medium-replay-154907] ----------------------------------------Best_Iteration: 8
25-05-20.12:19|[gym-experiment-walker2d-medium-replay-154907] Best_return_mean: 3461.4695729001346
25-05-20.12:19|[gym-experiment-walker2d-medium-replay-154907] Best_normalized_score: 75.36677254652918
25-05-20.12:24|[gym-experiment-walker2d-medium-replay-154907] ================================================================================
25-05-20.12:24|[gym-experiment-walker2d-medium-replay-154907] Iteration 10
25-05-20.12:24|[gym-experiment-walker2d-medium-replay-154907] time/training: 101.22017312049866
25-05-20.12:24|[gym-experiment-walker2d-medium-replay-154907] evaluation/target_10000_return_mean: 2075.069554442816
25-05-20.12:24|[gym-experiment-walker2d-medium-replay-154907] evaluation/target_10000_return_detail: [883.5712114073641, 3890.9997538341768, 853.9360520211122, 1712.7604982044265, 923.1820896921859, 3849.7821823634845, 1241.835702023888, 1848.6111179127731, 2736.849056627509, 2809.1678803412406]
25-05-20.12:24|[gym-experiment-walker2d-medium-replay-154907] evaluation/target_10000_return_std: 1119.7575565509148
25-05-20.12:24|[gym-experiment-walker2d-medium-replay-154907] evaluation/target_10000_length_mean: 576.7
25-05-20.12:24|[gym-experiment-walker2d-medium-replay-154907] evaluation/target_10000_length_detail: [307, 1000, 297, 488, 312, 1000, 372, 517, 729, 745]
25-05-20.12:24|[gym-experiment-walker2d-medium-replay-154907] evaluation/target_10000_length_std: 261.5828931715528
25-05-20.12:24|[gym-experiment-walker2d-medium-replay-154907] evaluation/target_10000_normalized_score: 45.16639397717953
25-05-20.12:24|[gym-experiment-walker2d-medium-replay-154907] evaluation/target_5000_return_mean: 2858.7684222591374
25-05-20.12:24|[gym-experiment-walker2d-medium-replay-154907] evaluation/target_5000_return_detail: [895.5102433797475, 898.7488691294734, 1828.1032047662934, 3794.7337015297776, 3796.4846761240697, 3666.624552889465, 2504.460746689985, 3876.5586978962833, 3626.619356697346, 3699.840173488935]
25-05-20.12:24|[gym-experiment-walker2d-medium-replay-154907] evaluation/target_5000_return_std: 1167.2502792066402
25-05-20.12:24|[gym-experiment-walker2d-medium-replay-154907] evaluation/target_5000_length_mean: 780.6
25-05-20.12:24|[gym-experiment-walker2d-medium-replay-154907] evaluation/target_5000_length_detail: [299, 302, 526, 1000, 1000, 1000, 679, 1000, 1000, 1000]
25-05-20.12:24|[gym-experiment-walker2d-medium-replay-154907] evaluation/target_5000_length_std: 287.2208906051229
25-05-20.12:24|[gym-experiment-walker2d-medium-replay-154907] evaluation/target_5000_normalized_score: 62.23794776925145
25-05-20.12:24|[gym-experiment-walker2d-medium-replay-154907] time/total: 2377.069502592087
25-05-20.12:24|[gym-experiment-walker2d-medium-replay-154907] time/evaluation: 169.36996817588806
25-05-20.12:24|[gym-experiment-walker2d-medium-replay-154907] training/train_loss_mean: 2.8405666055306793
25-05-20.12:24|[gym-experiment-walker2d-medium-replay-154907] training/train_loss_std: 1.4423103305352478
25-05-20.12:24|[gym-experiment-walker2d-medium-replay-154907] training/action_error: 3.9447226524353027
25-05-20.12:24|[gym-experiment-walker2d-medium-replay-154907] ----------------------------------------Best_Iteration: 8
25-05-20.12:24|[gym-experiment-walker2d-medium-replay-154907] Best_return_mean: 3461.4695729001346
25-05-20.12:24|[gym-experiment-walker2d-medium-replay-154907] Best_normalized_score: 75.36677254652918
25-05-20.12:27|[gym-experiment-walker2d-medium-replay-154907] ================================================================================
25-05-20.12:27|[gym-experiment-walker2d-medium-replay-154907] Iteration 11
25-05-20.12:27|[gym-experiment-walker2d-medium-replay-154907] time/training: 101.88153052330017
25-05-20.12:27|[gym-experiment-walker2d-medium-replay-154907] evaluation/target_10000_return_mean: 1239.6136396319505
25-05-20.12:27|[gym-experiment-walker2d-medium-replay-154907] evaluation/target_10000_return_detail: [2124.5053595682502, 1610.7123189365009, 865.6862506761946, 1325.6356608196354, 1485.122050937513, 728.9079965977445, 1764.4493653459774, 827.4773504216463, 896.3291062890939, 767.3109367269487]
25-05-20.12:27|[gym-experiment-walker2d-medium-replay-154907] evaluation/target_10000_return_std: 466.399686305239
25-05-20.12:27|[gym-experiment-walker2d-medium-replay-154907] evaluation/target_10000_length_mean: 339.5
25-05-20.12:27|[gym-experiment-walker2d-medium-replay-154907] evaluation/target_10000_length_detail: [539, 407, 257, 354, 408, 228, 460, 249, 265, 228]
25-05-20.12:27|[gym-experiment-walker2d-medium-replay-154907] evaluation/target_10000_length_std: 104.49425821546369
25-05-20.12:27|[gym-experiment-walker2d-medium-replay-154907] evaluation/target_10000_normalized_score: 26.9674004908943
25-05-20.12:27|[gym-experiment-walker2d-medium-replay-154907] evaluation/target_5000_return_mean: 1845.2575994098836
25-05-20.12:27|[gym-experiment-walker2d-medium-replay-154907] evaluation/target_5000_return_detail: [570.8590617831123, 1837.2311658310068, 3103.742260913044, 1093.6199916282897, 1483.9545795173274, 2663.1990053268473, 569.516224354012, 3791.8005443506468, 1011.8255709043656, 2326.8275894901853]
25-05-20.12:27|[gym-experiment-walker2d-medium-replay-154907] evaluation/target_5000_return_std: 1044.77418147279
25-05-20.12:27|[gym-experiment-walker2d-medium-replay-154907] evaluation/target_5000_length_mean: 493.7
25-05-20.12:27|[gym-experiment-walker2d-medium-replay-154907] evaluation/target_5000_length_detail: [209, 475, 843, 294, 408, 661, 197, 925, 290, 635]
25-05-20.12:27|[gym-experiment-walker2d-medium-replay-154907] evaluation/target_5000_length_std: 247.81809861267192
25-05-20.12:27|[gym-experiment-walker2d-medium-replay-154907] evaluation/target_5000_normalized_score: 40.1603293858939
25-05-20.12:27|[gym-experiment-walker2d-medium-replay-154907] time/total: 2580.2866060733795
25-05-20.12:27|[gym-experiment-walker2d-medium-replay-154907] time/evaluation: 101.33274531364441
25-05-20.12:27|[gym-experiment-walker2d-medium-replay-154907] training/train_loss_mean: 2.872972809270024
25-05-20.12:27|[gym-experiment-walker2d-medium-replay-154907] training/train_loss_std: 1.4726007396928604
25-05-20.12:27|[gym-experiment-walker2d-medium-replay-154907] training/action_error: 3.6354103088378906
25-05-20.12:27|[gym-experiment-walker2d-medium-replay-154907] ----------------------------------------Best_Iteration: 8
25-05-20.12:27|[gym-experiment-walker2d-medium-replay-154907] Best_return_mean: 3461.4695729001346
25-05-20.12:27|[gym-experiment-walker2d-medium-replay-154907] Best_normalized_score: 75.36677254652918
25-05-20.12:31|[gym-experiment-walker2d-medium-replay-154907] ================================================================================
25-05-20.12:31|[gym-experiment-walker2d-medium-replay-154907] Iteration 12
25-05-20.12:31|[gym-experiment-walker2d-medium-replay-154907] time/training: 100.94846105575562
25-05-20.12:31|[gym-experiment-walker2d-medium-replay-154907] evaluation/target_10000_return_mean: 1272.5426118942664
25-05-20.12:31|[gym-experiment-walker2d-medium-replay-154907] evaluation/target_10000_return_detail: [498.3600313174484, 769.0914737835514, 1081.8073371081166, 846.5177026178442, 820.582508938131, 2549.908621124303, 695.4874176574486, 3456.882862141392, 588.3637464385048, 1418.424417815925]
25-05-20.12:31|[gym-experiment-walker2d-medium-replay-154907] evaluation/target_10000_return_std: 921.9733178561265
25-05-20.12:31|[gym-experiment-walker2d-medium-replay-154907] evaluation/target_10000_length_mean: 371.6
25-05-20.12:31|[gym-experiment-walker2d-medium-replay-154907] evaluation/target_10000_length_detail: [208, 259, 301, 272, 271, 690, 243, 851, 226, 395]
25-05-20.12:31|[gym-experiment-walker2d-medium-replay-154907] evaluation/target_10000_length_std: 208.31620196230537
25-05-20.12:31|[gym-experiment-walker2d-medium-replay-154907] evaluation/target_10000_normalized_score: 27.68470243476482
25-05-20.12:31|[gym-experiment-walker2d-medium-replay-154907] evaluation/target_5000_return_mean: 1411.004264996007
25-05-20.12:31|[gym-experiment-walker2d-medium-replay-154907] evaluation/target_5000_return_detail: [843.7109480735788, 350.1889913137131, 402.28658377224014, 1850.1679808067668, 462.2181483076718, 2208.2506381915186, 2656.1635542193026, 456.91208740325385, 1225.7093766501455, 3654.4343412218777]
25-05-20.12:31|[gym-experiment-walker2d-medium-replay-154907] evaluation/target_5000_return_std: 1082.6518368450336
25-05-20.12:31|[gym-experiment-walker2d-medium-replay-154907] evaluation/target_5000_length_mean: 418.9
25-05-20.12:31|[gym-experiment-walker2d-medium-replay-154907] evaluation/target_5000_length_detail: [341, 164, 208, 479, 229, 575, 656, 214, 370, 953]
25-05-20.12:31|[gym-experiment-walker2d-medium-replay-154907] evaluation/target_5000_length_std: 237.78496588304316
25-05-20.12:31|[gym-experiment-walker2d-medium-replay-154907] evaluation/target_5000_normalized_score: 30.700855266083654
25-05-20.12:31|[gym-experiment-walker2d-medium-replay-154907] time/total: 2792.9483637809753
25-05-20.12:31|[gym-experiment-walker2d-medium-replay-154907] time/evaluation: 111.71005654335022
25-05-20.12:31|[gym-experiment-walker2d-medium-replay-154907] training/train_loss_mean: 2.826416642270982
25-05-20.12:31|[gym-experiment-walker2d-medium-replay-154907] training/train_loss_std: 1.4827261219865324
25-05-20.12:31|[gym-experiment-walker2d-medium-replay-154907] training/action_error: 1.7286680936813354
25-05-20.12:31|[gym-experiment-walker2d-medium-replay-154907] ----------------------------------------Best_Iteration: 8
25-05-20.12:31|[gym-experiment-walker2d-medium-replay-154907] Best_return_mean: 3461.4695729001346
25-05-20.12:31|[gym-experiment-walker2d-medium-replay-154907] Best_normalized_score: 75.36677254652918
25-05-20.12:35|[gym-experiment-walker2d-medium-replay-154907] ================================================================================
25-05-20.12:35|[gym-experiment-walker2d-medium-replay-154907] Iteration 13
25-05-20.12:35|[gym-experiment-walker2d-medium-replay-154907] time/training: 101.61774230003357
25-05-20.12:35|[gym-experiment-walker2d-medium-replay-154907] evaluation/target_10000_return_mean: 2308.675705904643
25-05-20.12:35|[gym-experiment-walker2d-medium-replay-154907] evaluation/target_10000_return_detail: [2061.4696670881217, 2332.2912313724214, 1467.0162076589384, 2064.7068583835417, 2152.5116809178917, 3154.402760252206, 2157.7960541333455, 1912.4823192770011, 2201.0446594007362, 3583.0356205622265]
25-05-20.12:35|[gym-experiment-walker2d-medium-replay-154907] evaluation/target_10000_return_std: 581.7673920526697
25-05-20.12:35|[gym-experiment-walker2d-medium-replay-154907] evaluation/target_10000_length_mean: 673.1
25-05-20.12:35|[gym-experiment-walker2d-medium-replay-154907] evaluation/target_10000_length_detail: [641, 685, 473, 629, 619, 886, 625, 545, 628, 1000]
25-05-20.12:35|[gym-experiment-walker2d-medium-replay-154907] evaluation/target_10000_length_std: 147.9969256437444
25-05-20.12:35|[gym-experiment-walker2d-medium-replay-154907] evaluation/target_10000_normalized_score: 50.255108717768096
25-05-20.12:35|[gym-experiment-walker2d-medium-replay-154907] evaluation/target_5000_return_mean: 2200.635885368686
25-05-20.12:35|[gym-experiment-walker2d-medium-replay-154907] evaluation/target_5000_return_detail: [3495.9497491458287, 1724.262517975143, 2192.1090718762553, 1739.2919115147754, 748.4959688843118, 3338.5395626870345, 2240.397743932835, 1534.9446947282224, 3711.3177205671095, 1281.0499123753468]
25-05-20.12:35|[gym-experiment-walker2d-medium-replay-154907] evaluation/target_5000_return_std: 953.6110009397977
25-05-20.12:35|[gym-experiment-walker2d-medium-replay-154907] evaluation/target_5000_length_mean: 633.3
25-05-20.12:35|[gym-experiment-walker2d-medium-replay-154907] evaluation/target_5000_length_detail: [1000, 487, 614, 501, 286, 1000, 601, 442, 1000, 402]
25-05-20.12:35|[gym-experiment-walker2d-medium-replay-154907] evaluation/target_5000_length_std: 255.8206598380983
25-05-20.12:35|[gym-experiment-walker2d-medium-replay-154907] evaluation/target_5000_normalized_score: 47.901644034190596
25-05-20.12:35|[gym-experiment-walker2d-medium-replay-154907] time/total: 3051.559729576111
25-05-20.12:35|[gym-experiment-walker2d-medium-replay-154907] time/evaluation: 156.99068069458008
25-05-20.12:35|[gym-experiment-walker2d-medium-replay-154907] training/train_loss_mean: 2.8391389321759344
25-05-20.12:35|[gym-experiment-walker2d-medium-replay-154907] training/train_loss_std: 1.4575821903929682
25-05-20.12:35|[gym-experiment-walker2d-medium-replay-154907] training/action_error: 2.996232271194458
25-05-20.12:35|[gym-experiment-walker2d-medium-replay-154907] ----------------------------------------Best_Iteration: 8
25-05-20.12:35|[gym-experiment-walker2d-medium-replay-154907] Best_return_mean: 3461.4695729001346
25-05-20.12:35|[gym-experiment-walker2d-medium-replay-154907] Best_normalized_score: 75.36677254652918
25-05-20.12:40|[gym-experiment-walker2d-medium-replay-154907] ================================================================================
25-05-20.12:40|[gym-experiment-walker2d-medium-replay-154907] Iteration 14
25-05-20.12:40|[gym-experiment-walker2d-medium-replay-154907] time/training: 101.38385725021362
25-05-20.12:40|[gym-experiment-walker2d-medium-replay-154907] evaluation/target_10000_return_mean: 3424.1299334073783
25-05-20.12:40|[gym-experiment-walker2d-medium-replay-154907] evaluation/target_10000_return_detail: [3470.824504382449, 3852.9622784371318, 3212.8398162011767, 3406.211036865429, 3447.579383029735, 3406.4107125708147, 3285.911149135872, 3394.011751229166, 3457.2382401599175, 3307.31046206209]
25-05-20.12:40|[gym-experiment-walker2d-medium-replay-154907] evaluation/target_10000_return_std: 163.297427151755
25-05-20.12:40|[gym-experiment-walker2d-medium-replay-154907] evaluation/target_10000_length_mean: 995.5
25-05-20.12:40|[gym-experiment-walker2d-medium-replay-154907] evaluation/target_10000_length_detail: [1000, 995, 1000, 1000, 977, 983, 1000, 1000, 1000, 1000]
25-05-20.12:40|[gym-experiment-walker2d-medium-replay-154907] evaluation/target_10000_length_std: 8.00312438988674
25-05-20.12:40|[gym-experiment-walker2d-medium-replay-154907] evaluation/target_10000_normalized_score: 74.55339168003216
25-05-20.12:40|[gym-experiment-walker2d-medium-replay-154907] evaluation/target_5000_return_mean: 2693.332710009795
25-05-20.12:40|[gym-experiment-walker2d-medium-replay-154907] evaluation/target_5000_return_detail: [3399.591354897094, 3626.757233016237, 3524.7532699769163, 1309.578895103043, 1551.6503150715948, 3456.506736065546, 1143.0485360855705, 2446.4302832820076, 3097.565089640394, 3377.445386959549]
25-05-20.12:40|[gym-experiment-walker2d-medium-replay-154907] evaluation/target_5000_return_std: 946.4537213271449
25-05-20.12:40|[gym-experiment-walker2d-medium-replay-154907] evaluation/target_5000_length_mean: 767.2
25-05-20.12:40|[gym-experiment-walker2d-medium-replay-154907] evaluation/target_5000_length_detail: [1000, 1000, 941, 374, 481, 1000, 351, 701, 824, 1000]
25-05-20.12:40|[gym-experiment-walker2d-medium-replay-154907] evaluation/target_5000_length_std: 257.74747331448276
25-05-20.12:40|[gym-experiment-walker2d-medium-replay-154907] evaluation/target_5000_normalized_score: 58.63421070036454
25-05-20.12:40|[gym-experiment-walker2d-medium-replay-154907] time/total: 3367.749960422516
25-05-20.12:40|[gym-experiment-walker2d-medium-replay-154907] time/evaluation: 214.8035798072815
25-05-20.12:40|[gym-experiment-walker2d-medium-replay-154907] training/train_loss_mean: 2.7565100871324537
25-05-20.12:40|[gym-experiment-walker2d-medium-replay-154907] training/train_loss_std: 1.4519999525413754
25-05-20.12:40|[gym-experiment-walker2d-medium-replay-154907] training/action_error: 0.709116518497467
25-05-20.12:40|[gym-experiment-walker2d-medium-replay-154907] ----------------------------------------Best_Iteration: 8
25-05-20.12:40|[gym-experiment-walker2d-medium-replay-154907] Best_return_mean: 3461.4695729001346
25-05-20.12:40|[gym-experiment-walker2d-medium-replay-154907] Best_normalized_score: 75.36677254652918
25-05-20.12:45|[gym-experiment-walker2d-medium-replay-154907] ================================================================================
25-05-20.12:45|[gym-experiment-walker2d-medium-replay-154907] Iteration 15
25-05-20.12:45|[gym-experiment-walker2d-medium-replay-154907] time/training: 101.6665449142456
25-05-20.12:45|[gym-experiment-walker2d-medium-replay-154907] evaluation/target_10000_return_mean: 2979.192504365439
25-05-20.12:45|[gym-experiment-walker2d-medium-replay-154907] evaluation/target_10000_return_detail: [2634.2994616590754, 3298.3524552407725, 3467.4090771113233, 3347.4595774064273, 3317.5664138810803, 387.27030773360786, 3266.27864279412, 3303.9849716856693, 3358.7790941282146, 3410.5250420141024]
25-05-20.12:45|[gym-experiment-walker2d-medium-replay-154907] evaluation/target_10000_return_std: 891.3691858619309
25-05-20.12:45|[gym-experiment-walker2d-medium-replay-154907] evaluation/target_10000_length_mean: 890.5
25-05-20.12:45|[gym-experiment-walker2d-medium-replay-154907] evaluation/target_10000_length_detail: [740, 1000, 1000, 1000, 1000, 165, 1000, 1000, 1000, 1000]
25-05-20.12:45|[gym-experiment-walker2d-medium-replay-154907] evaluation/target_10000_length_std: 253.95324372805322
25-05-20.12:45|[gym-experiment-walker2d-medium-replay-154907] evaluation/target_10000_normalized_score: 64.86118263657609
25-05-20.12:45|[gym-experiment-walker2d-medium-replay-154907] evaluation/target_5000_return_mean: 1935.1745342437255
25-05-20.12:45|[gym-experiment-walker2d-medium-replay-154907] evaluation/target_5000_return_detail: [712.8664801025595, 502.5496969344055, 3279.048160925204, 3244.5527718773183, 3301.442766019416, 633.4913213731796, 3415.275156615857, 3066.348991065269, 625.3427050630496, 570.8272924609957]
25-05-20.12:45|[gym-experiment-walker2d-medium-replay-154907] evaluation/target_5000_return_std: 1329.4864792921996
25-05-20.12:45|[gym-experiment-walker2d-medium-replay-154907] evaluation/target_5000_length_mean: 604.5
25-05-20.12:45|[gym-experiment-walker2d-medium-replay-154907] evaluation/target_5000_length_detail: [226, 200, 1000, 1000, 1000, 213, 1000, 1000, 208, 198]
25-05-20.12:45|[gym-experiment-walker2d-medium-replay-154907] evaluation/target_5000_length_std: 395.56421728968354
25-05-20.12:45|[gym-experiment-walker2d-medium-replay-154907] evaluation/target_5000_normalized_score: 42.11901766894745
25-05-20.12:45|[gym-experiment-walker2d-medium-replay-154907] time/total: 3652.018787622452
25-05-20.12:45|[gym-experiment-walker2d-medium-replay-154907] time/evaluation: 182.59936833381653
25-05-20.12:45|[gym-experiment-walker2d-medium-replay-154907] training/train_loss_mean: 2.839866358473897
25-05-20.12:45|[gym-experiment-walker2d-medium-replay-154907] training/train_loss_std: 1.420005447527625
25-05-20.12:45|[gym-experiment-walker2d-medium-replay-154907] training/action_error: 1.846724271774292
25-05-20.12:45|[gym-experiment-walker2d-medium-replay-154907] ----------------------------------------Best_Iteration: 8
25-05-20.12:45|[gym-experiment-walker2d-medium-replay-154907] Best_return_mean: 3461.4695729001346
25-05-20.12:45|[gym-experiment-walker2d-medium-replay-154907] Best_normalized_score: 75.36677254652918
25-05-20.12:50|[gym-experiment-walker2d-medium-replay-154907] ================================================================================
25-05-20.12:50|[gym-experiment-walker2d-medium-replay-154907] Iteration 16
25-05-20.12:50|[gym-experiment-walker2d-medium-replay-154907] time/training: 101.62979698181152
25-05-20.12:50|[gym-experiment-walker2d-medium-replay-154907] evaluation/target_10000_return_mean: 2402.6610606075214
25-05-20.12:50|[gym-experiment-walker2d-medium-replay-154907] evaluation/target_10000_return_detail: [2276.672591395415, 515.218247317182, 3069.156965772552, 3648.68994070057, 1990.3419925054543, 689.9631460213085, 3109.476984107688, 3289.913319532958, 2911.5628461622077, 2525.6145725598785]
25-05-20.12:50|[gym-experiment-walker2d-medium-replay-154907] evaluation/target_10000_return_std: 1011.8973912465542
25-05-20.12:50|[gym-experiment-walker2d-medium-replay-154907] evaluation/target_10000_length_mean: 768.6
25-05-20.12:50|[gym-experiment-walker2d-medium-replay-154907] evaluation/target_10000_length_detail: [773, 188, 1000, 1000, 718, 222, 1000, 1000, 1000, 785]
25-05-20.12:50|[gym-experiment-walker2d-medium-replay-154907] evaluation/target_10000_length_std: 301.072482967142
25-05-20.12:50|[gym-experiment-walker2d-medium-replay-154907] evaluation/target_10000_normalized_score: 52.30242064377332
25-05-20.12:50|[gym-experiment-walker2d-medium-replay-154907] evaluation/target_5000_return_mean: 2455.4223091378535
25-05-20.12:50|[gym-experiment-walker2d-medium-replay-154907] evaluation/target_5000_return_detail: [3314.1496666145918, 3394.9346060523767, 3517.4928576033126, 545.1902189420497, 3269.6855045043685, 3086.193015882448, 2856.1210012084766, 646.3624473498164, 477.0277418713648, 3447.066031349729]
25-05-20.12:50|[gym-experiment-walker2d-medium-replay-154907] evaluation/target_5000_return_std: 1256.5282374714523
25-05-20.12:50|[gym-experiment-walker2d-medium-replay-154907] evaluation/target_5000_length_mean: 739.5
25-05-20.12:50|[gym-experiment-walker2d-medium-replay-154907] evaluation/target_5000_length_detail: [1000, 1000, 1000, 194, 1000, 1000, 821, 206, 174, 1000]
25-05-20.12:50|[gym-experiment-walker2d-medium-replay-154907] evaluation/target_5000_length_std: 362.7377151606929
25-05-20.12:50|[gym-experiment-walker2d-medium-replay-154907] evaluation/target_5000_normalized_score: 53.45173516930297
25-05-20.12:50|[gym-experiment-walker2d-medium-replay-154907] time/total: 3934.9546127319336
25-05-20.12:50|[gym-experiment-walker2d-medium-replay-154907] time/evaluation: 181.30297303199768
25-05-20.12:50|[gym-experiment-walker2d-medium-replay-154907] training/train_loss_mean: 2.793863747611642
25-05-20.12:50|[gym-experiment-walker2d-medium-replay-154907] training/train_loss_std: 1.4521148589010193
25-05-20.12:50|[gym-experiment-walker2d-medium-replay-154907] training/action_error: 1.6076782941818237
25-05-20.12:50|[gym-experiment-walker2d-medium-replay-154907] ----------------------------------------Best_Iteration: 8
25-05-20.12:50|[gym-experiment-walker2d-medium-replay-154907] Best_return_mean: 3461.4695729001346
25-05-20.12:50|[gym-experiment-walker2d-medium-replay-154907] Best_normalized_score: 75.36677254652918
25-05-20.12:54|[gym-experiment-walker2d-medium-replay-154907] ================================================================================
25-05-20.12:54|[gym-experiment-walker2d-medium-replay-154907] Iteration 17
25-05-20.12:54|[gym-experiment-walker2d-medium-replay-154907] time/training: 101.66793656349182
25-05-20.12:54|[gym-experiment-walker2d-medium-replay-154907] evaluation/target_10000_return_mean: 1662.9266774600849
25-05-20.12:54|[gym-experiment-walker2d-medium-replay-154907] evaluation/target_10000_return_detail: [1339.4550155823051, 609.8931357599906, 2581.0048795569583, 3464.7862116869887, 3018.9826958774856, 644.7240428528944, 318.092994467546, 614.2405999701808, 603.7411451832817, 3434.3460536632165]
25-05-20.12:54|[gym-experiment-walker2d-medium-replay-154907] evaluation/target_10000_return_std: 1238.8229968258233
25-05-20.12:54|[gym-experiment-walker2d-medium-replay-154907] evaluation/target_10000_length_mean: 529.3
25-05-20.12:54|[gym-experiment-walker2d-medium-replay-154907] evaluation/target_10000_length_detail: [355, 267, 732, 1000, 1000, 248, 179, 273, 239, 1000]
25-05-20.12:54|[gym-experiment-walker2d-medium-replay-154907] evaluation/target_10000_length_std: 340.1099969127635
25-05-20.12:54|[gym-experiment-walker2d-medium-replay-154907] evaluation/target_10000_normalized_score: 36.1885587609125
25-05-20.12:54|[gym-experiment-walker2d-medium-replay-154907] evaluation/target_5000_return_mean: 2563.290363209985
25-05-20.12:54|[gym-experiment-walker2d-medium-replay-154907] evaluation/target_5000_return_detail: [3477.286738216442, 3799.0209786528408, 3329.591261619, 3523.4432210435025, 3354.4583763678925, 1733.9643743543133, 831.5831670870883, 3621.669027058604, 686.296726565976, 1275.5897611341948]
25-05-20.12:54|[gym-experiment-walker2d-medium-replay-154907] evaluation/target_5000_return_std: 1203.5577130904023
25-05-20.12:54|[gym-experiment-walker2d-medium-replay-154907] evaluation/target_5000_length_mean: 725.1
25-05-20.12:54|[gym-experiment-walker2d-medium-replay-154907] evaluation/target_5000_length_detail: [1000, 1000, 1000, 1000, 887, 485, 265, 1000, 248, 366]
25-05-20.12:54|[gym-experiment-walker2d-medium-replay-154907] evaluation/target_5000_length_std: 320.9328434423626
25-05-20.12:54|[gym-experiment-walker2d-medium-replay-154907] evaluation/target_5000_normalized_score: 55.80145821110033
25-05-20.12:54|[gym-experiment-walker2d-medium-replay-154907] time/total: 4192.151828765869
25-05-20.12:54|[gym-experiment-walker2d-medium-replay-154907] time/evaluation: 155.52651977539062
25-05-20.12:54|[gym-experiment-walker2d-medium-replay-154907] training/train_loss_mean: 2.800186764486134
25-05-20.12:54|[gym-experiment-walker2d-medium-replay-154907] training/train_loss_std: 1.5099158517323148
25-05-20.12:54|[gym-experiment-walker2d-medium-replay-154907] training/action_error: 1.6671557426452637
25-05-20.12:54|[gym-experiment-walker2d-medium-replay-154907] ----------------------------------------Best_Iteration: 8
25-05-20.12:54|[gym-experiment-walker2d-medium-replay-154907] Best_return_mean: 3461.4695729001346
25-05-20.12:54|[gym-experiment-walker2d-medium-replay-154907] Best_normalized_score: 75.36677254652918
25-05-20.12:56|[gym-experiment-walker2d-medium-replay-154907] ================================================================================
25-05-20.12:56|[gym-experiment-walker2d-medium-replay-154907] Iteration 18
25-05-20.12:56|[gym-experiment-walker2d-medium-replay-154907] time/training: 101.38332414627075
25-05-20.12:56|[gym-experiment-walker2d-medium-replay-154907] evaluation/target_10000_return_mean: -5.494486179737
25-05-20.12:56|[gym-experiment-walker2d-medium-replay-154907] evaluation/target_10000_return_detail: [-9.698573452891102, -5.267676623041008, -5.002053405432304, -5.777421408939348, -4.227858242012761, -4.138566655744141, -4.078042590324447, -4.688438758912702, -5.094293478245755, -6.971937181826429]
25-05-20.12:56|[gym-experiment-walker2d-medium-replay-154907] evaluation/target_10000_return_std: 1.6275822373420659
25-05-20.12:56|[gym-experiment-walker2d-medium-replay-154907] evaluation/target_10000_length_mean: 50.1
25-05-20.12:56|[gym-experiment-walker2d-medium-replay-154907] evaluation/target_10000_length_detail: [56, 47, 48, 49, 49, 50, 50, 50, 48, 54]
25-05-20.12:56|[gym-experiment-walker2d-medium-replay-154907] evaluation/target_10000_length_std: 2.662705391138869
25-05-20.12:56|[gym-experiment-walker2d-medium-replay-154907] evaluation/target_10000_normalized_score: -0.1551732675277941
25-05-20.12:56|[gym-experiment-walker2d-medium-replay-154907] evaluation/target_5000_return_mean: -5.702943458879241
25-05-20.12:56|[gym-experiment-walker2d-medium-replay-154907] evaluation/target_5000_return_detail: [-6.626513487893317, -4.707297432613051, -5.8101247684337505, -5.969996487185481, -5.770210155558313, -5.138674109633433, -6.700455970159016, -6.341834665234021, -3.9989723485944086, -5.965355163487613]
25-05-20.12:56|[gym-experiment-walker2d-medium-replay-154907] evaluation/target_5000_return_std: 0.8139786913216106
25-05-20.12:56|[gym-experiment-walker2d-medium-replay-154907] evaluation/target_5000_length_mean: 50.6
25-05-20.12:56|[gym-experiment-walker2d-medium-replay-154907] evaluation/target_5000_length_detail: [48, 52, 49, 49, 51, 49, 57, 49, 53, 49]
25-05-20.12:56|[gym-experiment-walker2d-medium-replay-154907] evaluation/target_5000_length_std: 2.6153393661244038
25-05-20.12:56|[gym-experiment-walker2d-medium-replay-154907] evaluation/target_5000_normalized_score: -0.15971415663758898
25-05-20.12:56|[gym-experiment-walker2d-medium-replay-154907] time/total: 4305.796068191528
25-05-20.12:56|[gym-experiment-walker2d-medium-replay-154907] time/evaluation: 12.25584626197815
25-05-20.12:56|[gym-experiment-walker2d-medium-replay-154907] training/train_loss_mean: 2.8083218597993254
25-05-20.12:56|[gym-experiment-walker2d-medium-replay-154907] training/train_loss_std: 1.4487288561356855
25-05-20.12:56|[gym-experiment-walker2d-medium-replay-154907] training/action_error: 5.086328506469727
25-05-20.12:56|[gym-experiment-walker2d-medium-replay-154907] ----------------------------------------Best_Iteration: 8
25-05-20.12:56|[gym-experiment-walker2d-medium-replay-154907] Best_return_mean: 3461.4695729001346
25-05-20.12:56|[gym-experiment-walker2d-medium-replay-154907] Best_normalized_score: 75.36677254652918
25-08-18.22:02|[gym-experiment-walker2d-medium-replay-154907] ==================================================
25-08-18.22:02|[gym-experiment-walker2d-medium-replay-154907] Starting new experiment: walker2d medium-replay
25-08-18.22:02|[gym-experiment-walker2d-medium-replay-154907] 1093 trajectories, 302000 timesteps found
25-08-18.22:02|[gym-experiment-walker2d-medium-replay-154907] Average return: 482.70, std: 895.96
25-08-18.22:02|[gym-experiment-walker2d-medium-replay-154907] Max return: 3932.00, min: -250.20
25-08-18.22:02|[gym-experiment-walker2d-medium-replay-154907] ==================================================
25-08-18.22:02|[gym-experiment-walker2d-medium-replay-154907] ==================================================
25-08-18.22:02|[gym-experiment-walker2d-medium-replay-154907] Starting new experiment: walker2d medium-replay
25-08-18.22:02|[gym-experiment-walker2d-medium-replay-154907] 1093 trajectories, 302000 timesteps found
25-08-18.22:02|[gym-experiment-walker2d-medium-replay-154907] Average return: 482.70, std: 895.96
25-08-18.22:02|[gym-experiment-walker2d-medium-replay-154907] Max return: 3932.00, min: -250.20
25-08-18.22:02|[gym-experiment-walker2d-medium-replay-154907] ==================================================
25-08-18.22:04|[gym-experiment-walker2d-medium-replay-154907] ================================================================================
25-08-18.22:04|[gym-experiment-walker2d-medium-replay-154907] Iteration 1
25-08-18.22:04|[gym-experiment-walker2d-medium-replay-154907] time/training: 11.966017961502075
25-08-18.22:04|[gym-experiment-walker2d-medium-replay-154907] evaluation/target_10000_return_mean: 474.6483895516878
25-08-18.22:04|[gym-experiment-walker2d-medium-replay-154907] evaluation/target_10000_return_detail: [484.31522279166876, 470.99578305596026, 390.8214081903014, 435.61180289548093, 372.7999611344101, 355.16332118399555, 592.2709475764765, 581.6412128049255, 418.0539137173643, 644.8103221662952]
25-08-18.22:04|[gym-experiment-walker2d-medium-replay-154907] evaluation/target_10000_return_std: 95.26171288877123
25-08-18.22:04|[gym-experiment-walker2d-medium-replay-154907] evaluation/target_10000_length_mean: 236.7
25-08-18.22:04|[gym-experiment-walker2d-medium-replay-154907] evaluation/target_10000_length_detail: [220, 210, 185, 208, 190, 176, 299, 338, 205, 336]
25-08-18.22:04|[gym-experiment-walker2d-medium-replay-154907] evaluation/target_10000_length_std: 59.46604072914221
25-08-18.22:04|[gym-experiment-walker2d-medium-replay-154907] evaluation/target_10000_normalized_score: 10.303926863327865
25-08-18.22:04|[gym-experiment-walker2d-medium-replay-154907] evaluation/target_5000_return_mean: 539.7103596017126
25-08-18.22:04|[gym-experiment-walker2d-medium-replay-154907] evaluation/target_5000_return_detail: [536.8536212480393, 546.5252683036724, 743.676404131667, 560.9821944738167, 579.4997669514962, 528.1755249830717, 484.79262576283116, 530.2211505827207, 411.60256209032855, 474.77447748948225]
25-08-18.22:04|[gym-experiment-walker2d-medium-replay-154907] evaluation/target_5000_return_std: 82.19475087151297
25-08-18.22:04|[gym-experiment-walker2d-medium-replay-154907] evaluation/target_5000_length_mean: 246.1
25-08-18.22:04|[gym-experiment-walker2d-medium-replay-154907] evaluation/target_5000_length_detail: [239, 236, 321, 243, 293, 234, 229, 235, 202, 229]
25-08-18.22:04|[gym-experiment-walker2d-medium-replay-154907] evaluation/target_5000_length_std: 32.81904934637809
25-08-18.22:04|[gym-experiment-walker2d-medium-replay-154907] evaluation/target_5000_normalized_score: 11.721191793953606
25-08-18.22:04|[gym-experiment-walker2d-medium-replay-154907] time/total: 88.05209827423096
25-08-18.22:04|[gym-experiment-walker2d-medium-replay-154907] time/evaluation: 76.08132863044739
25-08-18.22:04|[gym-experiment-walker2d-medium-replay-154907] training/train_loss_mean: 3.5254021710157395
25-08-18.22:04|[gym-experiment-walker2d-medium-replay-154907] training/train_loss_std: 1.5039947604464228
25-08-18.22:04|[gym-experiment-walker2d-medium-replay-154907] training/action_error: 4.080037593841553
25-08-18.22:04|[gym-experiment-walker2d-medium-replay-154907] ----------------------------------------Best_Iteration: 1
25-08-18.22:04|[gym-experiment-walker2d-medium-replay-154907] Best_return_mean: 539.7103596017126
25-08-18.22:04|[gym-experiment-walker2d-medium-replay-154907] Best_normalized_score: 11.721191793953606
25-08-18.22:05|[gym-experiment-walker2d-medium-replay-154907] ================================================================================
25-08-18.22:05|[gym-experiment-walker2d-medium-replay-154907] Iteration 2
25-08-18.22:05|[gym-experiment-walker2d-medium-replay-154907] time/training: 8.781440258026123
25-08-18.22:05|[gym-experiment-walker2d-medium-replay-154907] evaluation/target_10000_return_mean: 838.347151282074
25-08-18.22:05|[gym-experiment-walker2d-medium-replay-154907] evaluation/target_10000_return_detail: [438.69397602607796, 609.789102165917, 419.0261925356036, 1457.6271818454677, 787.7381627514626, 1238.7045316888755, 424.2464010724692, 1202.3457459745673, 1153.3711363471518, 651.9290824131477]
25-08-18.22:05|[gym-experiment-walker2d-medium-replay-154907] evaluation/target_10000_return_std: 370.42040745648694
25-08-18.22:05|[gym-experiment-walker2d-medium-replay-154907] evaluation/target_10000_length_mean: 323.5
25-08-18.22:05|[gym-experiment-walker2d-medium-replay-154907] evaluation/target_10000_length_detail: [225, 258, 207, 494, 300, 411, 208, 432, 429, 271]
25-08-18.22:05|[gym-experiment-walker2d-medium-replay-154907] evaluation/target_10000_length_std: 101.90314028527285
25-08-18.22:05|[gym-experiment-walker2d-medium-replay-154907] evaluation/target_10000_normalized_score: 18.226488997799954
25-08-18.22:05|[gym-experiment-walker2d-medium-replay-154907] evaluation/target_5000_return_mean: 1017.3478069916891
25-08-18.22:05|[gym-experiment-walker2d-medium-replay-154907] evaluation/target_5000_return_detail: [737.0503870066851, 551.9732629564343, 693.3187769459932, 1202.6661805554545, 1394.4263130639633, 1004.0589327691026, 720.9746517169523, 1228.3851881054698, 1846.9903974084546, 793.633979388381]
25-08-18.22:05|[gym-experiment-walker2d-medium-replay-154907] evaluation/target_5000_return_std: 380.4695971543556
25-08-18.22:05|[gym-experiment-walker2d-medium-replay-154907] evaluation/target_5000_length_mean: 361.7
25-08-18.22:05|[gym-experiment-walker2d-medium-replay-154907] evaluation/target_5000_length_detail: [297, 247, 280, 399, 446, 356, 302, 425, 540, 325]
25-08-18.22:05|[gym-experiment-walker2d-medium-replay-154907] evaluation/target_5000_length_std: 85.58977742698013
25-08-18.22:05|[gym-experiment-walker2d-medium-replay-154907] evaluation/target_5000_normalized_score: 22.125715407654923
25-08-18.22:05|[gym-experiment-walker2d-medium-replay-154907] time/total: 200.99363327026367
25-08-18.22:05|[gym-experiment-walker2d-medium-replay-154907] time/evaluation: 104.15309381484985
25-08-18.22:05|[gym-experiment-walker2d-medium-replay-154907] training/train_loss_mean: 2.9962742245197296
25-08-18.22:05|[gym-experiment-walker2d-medium-replay-154907] training/train_loss_std: 1.4150349200403958
25-08-18.22:05|[gym-experiment-walker2d-medium-replay-154907] training/action_error: 0.6933834552764893
25-08-18.22:05|[gym-experiment-walker2d-medium-replay-154907] ----------------------------------------Best_Iteration: 2
25-08-18.22:05|[gym-experiment-walker2d-medium-replay-154907] Best_return_mean: 1017.3478069916891
25-08-18.22:05|[gym-experiment-walker2d-medium-replay-154907] Best_normalized_score: 22.125715407654923
25-08-18.22:07|[gym-experiment-walker2d-medium-replay-154907] ================================================================================
25-08-18.22:07|[gym-experiment-walker2d-medium-replay-154907] Iteration 3
25-08-18.22:07|[gym-experiment-walker2d-medium-replay-154907] time/training: 8.662212371826172
25-08-18.22:07|[gym-experiment-walker2d-medium-replay-154907] evaluation/target_10000_return_mean: 849.931116115579
25-08-18.22:07|[gym-experiment-walker2d-medium-replay-154907] evaluation/target_10000_return_detail: [1152.3288285450587, 1193.867531281175, 686.3532726707513, 543.0272369292841, 774.1958844581911, 829.0992319258776, 1113.3246894783151, 701.8918700629173, 766.8613715618486, 738.3612442423718]
25-08-18.22:07|[gym-experiment-walker2d-medium-replay-154907] evaluation/target_10000_return_std: 211.54062031414884
25-08-18.22:07|[gym-experiment-walker2d-medium-replay-154907] evaluation/target_10000_length_mean: 322.5
25-08-18.22:07|[gym-experiment-walker2d-medium-replay-154907] evaluation/target_10000_length_detail: [400, 416, 277, 245, 305, 315, 393, 281, 298, 295]
25-08-18.22:07|[gym-experiment-walker2d-medium-replay-154907] evaluation/target_10000_length_std: 55.889623366059645
25-08-18.22:07|[gym-experiment-walker2d-medium-replay-154907] evaluation/target_10000_normalized_score: 18.478826071262457
25-08-18.22:07|[gym-experiment-walker2d-medium-replay-154907] evaluation/target_5000_return_mean: 993.1319106991452
25-08-18.22:07|[gym-experiment-walker2d-medium-replay-154907] evaluation/target_5000_return_detail: [872.1264226080119, 1280.3931595956792, 625.7879597963183, 1040.4838928158338, 851.0715116567369, 1118.6875623288104, 1100.7836399353725, 763.398925391025, 1048.633423181903, 1229.9526096817606]
25-08-18.22:07|[gym-experiment-walker2d-medium-replay-154907] evaluation/target_5000_return_std: 198.44926834682582
25-08-18.22:07|[gym-experiment-walker2d-medium-replay-154907] evaluation/target_5000_length_mean: 356.4
25-08-18.22:07|[gym-experiment-walker2d-medium-replay-154907] evaluation/target_5000_length_detail: [357, 421, 264, 365, 308, 385, 382, 299, 370, 413]
25-08-18.22:07|[gym-experiment-walker2d-medium-replay-154907] evaluation/target_5000_length_std: 48.253911758529995
25-08-18.22:07|[gym-experiment-walker2d-medium-replay-154907] evaluation/target_5000_normalized_score: 21.598213080985378
25-08-18.22:07|[gym-experiment-walker2d-medium-replay-154907] time/total: 312.50918340682983
25-08-18.22:07|[gym-experiment-walker2d-medium-replay-154907] time/evaluation: 102.8483374118805
25-08-18.22:07|[gym-experiment-walker2d-medium-replay-154907] training/train_loss_mean: 3.05144626557827
25-08-18.22:07|[gym-experiment-walker2d-medium-replay-154907] training/train_loss_std: 1.4469616436486001
25-08-18.22:07|[gym-experiment-walker2d-medium-replay-154907] training/action_error: 3.0777804851531982
25-08-18.22:07|[gym-experiment-walker2d-medium-replay-154907] ----------------------------------------Best_Iteration: 2
25-08-18.22:07|[gym-experiment-walker2d-medium-replay-154907] Best_return_mean: 1017.3478069916891
25-08-18.22:07|[gym-experiment-walker2d-medium-replay-154907] Best_normalized_score: 22.125715407654923
25-08-18.22:09|[gym-experiment-walker2d-medium-replay-154907] ==================================================
25-08-18.22:09|[gym-experiment-walker2d-medium-replay-154907] Starting new experiment: walker2d medium-replay
25-08-18.22:09|[gym-experiment-walker2d-medium-replay-154907] 1093 trajectories, 302000 timesteps found
25-08-18.22:09|[gym-experiment-walker2d-medium-replay-154907] Average return: 482.70, std: 895.96
25-08-18.22:09|[gym-experiment-walker2d-medium-replay-154907] Max return: 3932.00, min: -250.20
25-08-18.22:09|[gym-experiment-walker2d-medium-replay-154907] ==================================================
25-08-18.22:10|[gym-experiment-walker2d-medium-replay-154907] ==================================================
25-08-18.22:10|[gym-experiment-walker2d-medium-replay-154907] Starting new experiment: walker2d medium-replay
25-08-18.22:10|[gym-experiment-walker2d-medium-replay-154907] 1093 trajectories, 302000 timesteps found
25-08-18.22:10|[gym-experiment-walker2d-medium-replay-154907] Average return: 482.70, std: 895.96
25-08-18.22:10|[gym-experiment-walker2d-medium-replay-154907] Max return: 3932.00, min: -250.20
25-08-18.22:10|[gym-experiment-walker2d-medium-replay-154907] ==================================================
25-08-18.22:10|[gym-experiment-walker2d-medium-replay-154907] ================================================================================
25-08-18.22:10|[gym-experiment-walker2d-medium-replay-154907] Iteration 1
25-08-18.22:10|[gym-experiment-walker2d-medium-replay-154907] time/training: 9.6938796043396
25-08-18.22:10|[gym-experiment-walker2d-medium-replay-154907] evaluation/target_10000_return_mean: 652.9151322622889
25-08-18.22:10|[gym-experiment-walker2d-medium-replay-154907] evaluation/target_10000_return_detail: [636.6014615291011, 762.5237524890586, 559.6201827687071]
25-08-18.22:10|[gym-experiment-walker2d-medium-replay-154907] evaluation/target_10000_return_std: 83.63438902313065
25-08-18.22:10|[gym-experiment-walker2d-medium-replay-154907] evaluation/target_10000_length_mean: 339.0
25-08-18.22:10|[gym-experiment-walker2d-medium-replay-154907] evaluation/target_10000_length_detail: [298, 412, 307]
25-08-18.22:10|[gym-experiment-walker2d-medium-replay-154907] evaluation/target_10000_length_std: 51.749396131742444
25-08-18.22:10|[gym-experiment-walker2d-medium-replay-154907] evaluation/target_10000_normalized_score: 14.187166220303354
25-08-18.22:10|[gym-experiment-walker2d-medium-replay-154907] evaluation/target_5000_return_mean: 449.45305500765613
25-08-18.22:10|[gym-experiment-walker2d-medium-replay-154907] evaluation/target_5000_return_detail: [466.1054902851876, 399.5716746687181, 482.68200006906267]
25-08-18.22:10|[gym-experiment-walker2d-medium-replay-154907] evaluation/target_5000_return_std: 35.91479961930337
25-08-18.22:10|[gym-experiment-walker2d-medium-replay-154907] evaluation/target_5000_length_mean: 212.66666666666666
25-08-18.22:10|[gym-experiment-walker2d-medium-replay-154907] evaluation/target_5000_length_detail: [219, 198, 221]
25-08-18.22:10|[gym-experiment-walker2d-medium-replay-154907] evaluation/target_5000_length_std: 10.402991022884823
25-08-18.22:10|[gym-experiment-walker2d-medium-replay-154907] evaluation/target_5000_normalized_score: 9.755089131590202
25-08-18.22:10|[gym-experiment-walker2d-medium-replay-154907] time/total: 35.02057647705078
25-08-18.22:10|[gym-experiment-walker2d-medium-replay-154907] time/evaluation: 25.324697494506836
25-08-18.22:10|[gym-experiment-walker2d-medium-replay-154907] training/train_loss_mean: 3.5254021710157395
25-08-18.22:10|[gym-experiment-walker2d-medium-replay-154907] training/train_loss_std: 1.5039947604464228
25-08-18.22:10|[gym-experiment-walker2d-medium-replay-154907] training/action_error: 4.080037593841553
25-08-18.22:10|[gym-experiment-walker2d-medium-replay-154907] ----------------------------------------Best_Iteration: 1
25-08-18.22:10|[gym-experiment-walker2d-medium-replay-154907] Best_return_mean: 652.9151322622889
25-08-18.22:10|[gym-experiment-walker2d-medium-replay-154907] Best_normalized_score: 14.187166220303354
25-08-18.22:11|[gym-experiment-walker2d-medium-replay-154907] ================================================================================
25-08-18.22:11|[gym-experiment-walker2d-medium-replay-154907] Iteration 2
25-08-18.22:11|[gym-experiment-walker2d-medium-replay-154907] time/training: 8.9786696434021
25-08-18.22:11|[gym-experiment-walker2d-medium-replay-154907] evaluation/target_10000_return_mean: 727.7430202622137
25-08-18.22:11|[gym-experiment-walker2d-medium-replay-154907] evaluation/target_10000_return_detail: [861.043578440951, 391.95700698518675, 930.2284753605035]
25-08-18.22:11|[gym-experiment-walker2d-medium-replay-154907] evaluation/target_10000_return_std: 239.1106055431281
25-08-18.22:11|[gym-experiment-walker2d-medium-replay-154907] evaluation/target_10000_length_mean: 304.3333333333333
25-08-18.22:11|[gym-experiment-walker2d-medium-replay-154907] evaluation/target_10000_length_detail: [358, 197, 358]
25-08-18.22:11|[gym-experiment-walker2d-medium-replay-154907] evaluation/target_10000_length_std: 75.8961278473561
25-08-18.22:11|[gym-experiment-walker2d-medium-replay-154907] evaluation/target_10000_normalized_score: 15.817165149225175
25-08-18.22:11|[gym-experiment-walker2d-medium-replay-154907] evaluation/target_5000_return_mean: 981.9705533076703
25-08-18.22:11|[gym-experiment-walker2d-medium-replay-154907] evaluation/target_5000_return_detail: [842.1012793708941, 951.0191310531154, 1152.7912494990017]
25-08-18.22:11|[gym-experiment-walker2d-medium-replay-154907] evaluation/target_5000_return_std: 128.71300708484725
25-08-18.22:11|[gym-experiment-walker2d-medium-replay-154907] evaluation/target_5000_length_mean: 340.0
25-08-18.22:11|[gym-experiment-walker2d-medium-replay-154907] evaluation/target_5000_length_detail: [284, 356, 380]
25-08-18.22:11|[gym-experiment-walker2d-medium-replay-154907] evaluation/target_5000_length_std: 40.792156108742276
25-08-18.22:11|[gym-experiment-walker2d-medium-replay-154907] evaluation/target_5000_normalized_score: 21.355081795582322
25-08-18.22:11|[gym-experiment-walker2d-medium-replay-154907] time/total: 74.49031710624695
25-08-18.22:11|[gym-experiment-walker2d-medium-replay-154907] time/evaluation: 30.488070011138916
25-08-18.22:11|[gym-experiment-walker2d-medium-replay-154907] training/train_loss_mean: 2.9968857991695406
25-08-18.22:11|[gym-experiment-walker2d-medium-replay-154907] training/train_loss_std: 1.4155882435413203
25-08-18.22:11|[gym-experiment-walker2d-medium-replay-154907] training/action_error: 0.6914842128753662
25-08-18.22:11|[gym-experiment-walker2d-medium-replay-154907] ----------------------------------------Best_Iteration: 2
25-08-18.22:11|[gym-experiment-walker2d-medium-replay-154907] Best_return_mean: 981.9705533076703
25-08-18.22:11|[gym-experiment-walker2d-medium-replay-154907] Best_normalized_score: 21.355081795582322
25-08-18.22:12|[gym-experiment-walker2d-medium-replay-154907] ================================================================================
25-08-18.22:12|[gym-experiment-walker2d-medium-replay-154907] Iteration 3
25-08-18.22:12|[gym-experiment-walker2d-medium-replay-154907] time/training: 8.775628805160522
25-08-18.22:12|[gym-experiment-walker2d-medium-replay-154907] evaluation/target_10000_return_mean: 1060.3321616996595
25-08-18.22:12|[gym-experiment-walker2d-medium-replay-154907] evaluation/target_10000_return_detail: [1134.1260887120989, 1034.9355179165739, 1011.9348784703056]
25-08-18.22:12|[gym-experiment-walker2d-medium-replay-154907] evaluation/target_10000_return_std: 53.01833080279708
25-08-18.22:12|[gym-experiment-walker2d-medium-replay-154907] evaluation/target_10000_length_mean: 360.6666666666667
25-08-18.22:12|[gym-experiment-walker2d-medium-replay-154907] evaluation/target_10000_length_detail: [374, 359, 349]
25-08-18.22:12|[gym-experiment-walker2d-medium-replay-154907] evaluation/target_10000_length_std: 10.274023338281626
25-08-18.22:12|[gym-experiment-walker2d-medium-replay-154907] evaluation/target_10000_normalized_score: 23.062056844078434
25-08-18.22:12|[gym-experiment-walker2d-medium-replay-154907] evaluation/target_5000_return_mean: 1702.7060751427152
25-08-18.22:12|[gym-experiment-walker2d-medium-replay-154907] evaluation/target_5000_return_detail: [2322.467030296182, 994.6525868843005, 1790.9986082476628]
25-08-18.22:12|[gym-experiment-walker2d-medium-replay-154907] evaluation/target_5000_return_std: 545.6613587106125
25-08-18.22:12|[gym-experiment-walker2d-medium-replay-154907] evaluation/target_5000_length_mean: 505.3333333333333
25-08-18.22:12|[gym-experiment-walker2d-medium-replay-154907] evaluation/target_5000_length_detail: [639, 343, 534]
25-08-18.22:12|[gym-experiment-walker2d-medium-replay-154907] evaluation/target_5000_length_std: 122.52981496580968
25-08-18.22:12|[gym-experiment-walker2d-medium-replay-154907] evaluation/target_5000_normalized_score: 37.05508563142777
25-08-18.22:12|[gym-experiment-walker2d-medium-replay-154907] time/total: 123.54837608337402
25-08-18.22:12|[gym-experiment-walker2d-medium-replay-154907] time/evaluation: 40.27942991256714
25-08-18.22:12|[gym-experiment-walker2d-medium-replay-154907] training/train_loss_mean: 3.0504661993682385
25-08-18.22:12|[gym-experiment-walker2d-medium-replay-154907] training/train_loss_std: 1.4468823183202806
25-08-18.22:12|[gym-experiment-walker2d-medium-replay-154907] training/action_error: 3.076889753341675
25-08-18.22:12|[gym-experiment-walker2d-medium-replay-154907] ----------------------------------------Best_Iteration: 3
25-08-18.22:12|[gym-experiment-walker2d-medium-replay-154907] Best_return_mean: 1702.7060751427152
25-08-18.22:12|[gym-experiment-walker2d-medium-replay-154907] Best_normalized_score: 37.05508563142777
25-08-18.22:15|[gym-experiment-walker2d-medium-replay-154907] ==================================================
25-08-18.22:15|[gym-experiment-walker2d-medium-replay-154907] Starting new experiment: walker2d medium-replay
25-08-18.22:15|[gym-experiment-walker2d-medium-replay-154907] 1093 trajectories, 302000 timesteps found
25-08-18.22:15|[gym-experiment-walker2d-medium-replay-154907] Average return: 482.70, std: 895.96
25-08-18.22:15|[gym-experiment-walker2d-medium-replay-154907] Max return: 3932.00, min: -250.20
25-08-18.22:15|[gym-experiment-walker2d-medium-replay-154907] ==================================================
25-08-18.22:16|[gym-experiment-walker2d-medium-replay-154907] ================================================================================
25-08-18.22:16|[gym-experiment-walker2d-medium-replay-154907] Iteration 1
25-08-18.22:16|[gym-experiment-walker2d-medium-replay-154907] time/training: 1.68930983543396
25-08-18.22:16|[gym-experiment-walker2d-medium-replay-154907] evaluation/target_10000_return_mean: 333.4855634706998
25-08-18.22:16|[gym-experiment-walker2d-medium-replay-154907] evaluation/target_10000_return_detail: [296.4753075337025, 333.91465825486597, 370.0667246235308]
25-08-18.22:16|[gym-experiment-walker2d-medium-replay-154907] evaluation/target_10000_return_std: 30.045102308281088
25-08-18.22:16|[gym-experiment-walker2d-medium-replay-154907] evaluation/target_10000_length_mean: 181.66666666666666
25-08-18.22:16|[gym-experiment-walker2d-medium-replay-154907] evaluation/target_10000_length_detail: [171, 179, 195]
25-08-18.22:16|[gym-experiment-walker2d-medium-replay-154907] evaluation/target_10000_length_std: 9.977753031397176
25-08-18.22:16|[gym-experiment-walker2d-medium-replay-154907] evaluation/target_10000_normalized_score: 7.228933549126358
25-08-18.22:16|[gym-experiment-walker2d-medium-replay-154907] evaluation/target_5000_return_mean: 390.2209187077977
25-08-18.22:16|[gym-experiment-walker2d-medium-replay-154907] evaluation/target_5000_return_detail: [433.7490083242575, 365.84207060925684, 371.07167718987887]
25-08-18.22:16|[gym-experiment-walker2d-medium-replay-154907] evaluation/target_5000_return_std: 30.852964584633085
25-08-18.22:16|[gym-experiment-walker2d-medium-replay-154907] evaluation/target_5000_length_mean: 204.66666666666666
25-08-18.22:16|[gym-experiment-walker2d-medium-replay-154907] evaluation/target_5000_length_detail: [213, 190, 211]
25-08-18.22:16|[gym-experiment-walker2d-medium-replay-154907] evaluation/target_5000_length_std: 10.402991022884823
25-08-18.22:16|[gym-experiment-walker2d-medium-replay-154907] evaluation/target_5000_normalized_score: 8.464817264948481
25-08-18.22:16|[gym-experiment-walker2d-medium-replay-154907] time/total: 19.933842420578003
25-08-18.22:16|[gym-experiment-walker2d-medium-replay-154907] time/evaluation: 18.242536067962646
25-08-18.22:16|[gym-experiment-walker2d-medium-replay-154907] training/train_loss_mean: 3.7701063990592956
25-08-18.22:16|[gym-experiment-walker2d-medium-replay-154907] training/train_loss_std: 1.1140742562807602
25-08-18.22:16|[gym-experiment-walker2d-medium-replay-154907] training/action_error: 1.876948595046997
25-08-18.22:16|[gym-experiment-walker2d-medium-replay-154907] ----------------------------------------Best_Iteration: 1
25-08-18.22:16|[gym-experiment-walker2d-medium-replay-154907] Best_return_mean: 390.2209187077977
25-08-18.22:16|[gym-experiment-walker2d-medium-replay-154907] Best_normalized_score: 8.464817264948481
25-08-18.22:18|[gym-experiment-walker2d-medium-replay-154907] ==================================================
25-08-18.22:18|[gym-experiment-walker2d-medium-replay-154907] Starting new experiment: walker2d medium-replay
25-08-18.22:18|[gym-experiment-walker2d-medium-replay-154907] 1093 trajectories, 302000 timesteps found
25-08-18.22:18|[gym-experiment-walker2d-medium-replay-154907] Average return: 482.70, std: 895.96
25-08-18.22:18|[gym-experiment-walker2d-medium-replay-154907] Max return: 3932.00, min: -250.20
25-08-18.22:18|[gym-experiment-walker2d-medium-replay-154907] ==================================================
25-08-18.22:20|[gym-experiment-walker2d-medium-replay-154907] ================================================================================
25-08-18.22:20|[gym-experiment-walker2d-medium-replay-154907] Iteration 1
25-08-18.22:20|[gym-experiment-walker2d-medium-replay-154907] time/training: 87.36773657798767
25-08-18.22:20|[gym-experiment-walker2d-medium-replay-154907] evaluation/target_10000_return_mean: 3802.747354330329
25-08-18.22:20|[gym-experiment-walker2d-medium-replay-154907] evaluation/target_10000_return_detail: [3833.2942225808692, 3797.5120285476687, 3777.4358118624496]
25-08-18.22:20|[gym-experiment-walker2d-medium-replay-154907] evaluation/target_10000_return_std: 23.10262595514282
25-08-18.22:20|[gym-experiment-walker2d-medium-replay-154907] evaluation/target_10000_length_mean: 1000.0
25-08-18.22:20|[gym-experiment-walker2d-medium-replay-154907] evaluation/target_10000_length_detail: [1000, 1000, 1000]
25-08-18.22:20|[gym-experiment-walker2d-medium-replay-154907] evaluation/target_10000_length_std: 0.0
25-08-18.22:20|[gym-experiment-walker2d-medium-replay-154907] evaluation/target_10000_normalized_score: 82.8009315621704
25-08-18.22:20|[gym-experiment-walker2d-medium-replay-154907] evaluation/target_5000_return_mean: 2278.072744057092
25-08-18.22:20|[gym-experiment-walker2d-medium-replay-154907] evaluation/target_5000_return_detail: [98.05969935547279, 3172.6301806013885, 3563.5283522144164]
25-08-18.22:20|[gym-experiment-walker2d-medium-replay-154907] evaluation/target_5000_return_std: 1549.7404086802242
25-08-18.22:20|[gym-experiment-walker2d-medium-replay-154907] evaluation/target_5000_length_mean: 672.0
25-08-18.22:20|[gym-experiment-walker2d-medium-replay-154907] evaluation/target_5000_length_detail: [156, 860, 1000]
25-08-18.22:20|[gym-experiment-walker2d-medium-replay-154907] evaluation/target_5000_length_std: 369.3164857769913
25-08-18.22:20|[gym-experiment-walker2d-medium-replay-154907] evaluation/target_5000_normalized_score: 49.58847497509994
25-08-18.22:20|[gym-experiment-walker2d-medium-replay-154907] time/total: 165.41869378089905
25-08-18.22:20|[gym-experiment-walker2d-medium-replay-154907] time/evaluation: 78.04793810844421
25-08-18.22:20|[gym-experiment-walker2d-medium-replay-154907] training/train_loss_mean: 2.963878886133432
25-08-18.22:20|[gym-experiment-walker2d-medium-replay-154907] training/train_loss_std: 1.4663787251649194
25-08-18.22:20|[gym-experiment-walker2d-medium-replay-154907] training/action_error: 2.776601791381836
25-08-18.22:20|[gym-experiment-walker2d-medium-replay-154907] ----------------------------------------Best_Iteration: 1
25-08-18.22:20|[gym-experiment-walker2d-medium-replay-154907] Best_return_mean: 3802.747354330329
25-08-18.22:20|[gym-experiment-walker2d-medium-replay-154907] Best_normalized_score: 82.8009315621704
25-08-18.22:23|[gym-experiment-walker2d-medium-replay-154907] ================================================================================
25-08-18.22:23|[gym-experiment-walker2d-medium-replay-154907] Iteration 2
25-08-18.22:23|[gym-experiment-walker2d-medium-replay-154907] time/training: 86.72329425811768
25-08-18.22:23|[gym-experiment-walker2d-medium-replay-154907] evaluation/target_10000_return_mean: 3446.702585502617
25-08-18.22:23|[gym-experiment-walker2d-medium-replay-154907] evaluation/target_10000_return_detail: [2662.3283118360337, 3732.1274695641855, 3945.6519751076316]
25-08-18.22:23|[gym-experiment-walker2d-medium-replay-154907] evaluation/target_10000_return_std: 561.4448203871735
25-08-18.22:23|[gym-experiment-walker2d-medium-replay-154907] evaluation/target_10000_length_mean: 944.0
25-08-18.22:23|[gym-experiment-walker2d-medium-replay-154907] evaluation/target_10000_length_detail: [832, 1000, 1000]
25-08-18.22:23|[gym-experiment-walker2d-medium-replay-154907] evaluation/target_10000_length_std: 79.19595949289332
25-08-18.22:23|[gym-experiment-walker2d-medium-replay-154907] evaluation/target_10000_normalized_score: 75.04509871228464
25-08-18.22:23|[gym-experiment-walker2d-medium-replay-154907] evaluation/target_5000_return_mean: 3321.2437422226517
25-08-18.22:23|[gym-experiment-walker2d-medium-replay-154907] evaluation/target_5000_return_detail: [3658.1805348899043, 3920.579810503439, 2384.970881274612]
25-08-18.22:23|[gym-experiment-walker2d-medium-replay-154907] evaluation/target_5000_return_std: 670.6556481391909
25-08-18.22:23|[gym-experiment-walker2d-medium-replay-154907] evaluation/target_5000_length_mean: 906.3333333333334
25-08-18.22:23|[gym-experiment-walker2d-medium-replay-154907] evaluation/target_5000_length_detail: [1000, 1000, 719]
25-08-18.22:23|[gym-experiment-walker2d-medium-replay-154907] evaluation/target_5000_length_std: 132.4646703422799
25-08-18.22:23|[gym-experiment-walker2d-medium-replay-154907] evaluation/target_5000_normalized_score: 72.31219009176712
25-08-18.22:23|[gym-experiment-walker2d-medium-replay-154907] time/total: 337.6016252040863
25-08-18.22:23|[gym-experiment-walker2d-medium-replay-154907] time/evaluation: 85.35512447357178
25-08-18.22:23|[gym-experiment-walker2d-medium-replay-154907] training/train_loss_mean: 2.8806723386496307
25-08-18.22:23|[gym-experiment-walker2d-medium-replay-154907] training/train_loss_std: 1.4585933629208412
25-08-18.22:23|[gym-experiment-walker2d-medium-replay-154907] training/action_error: 2.771451234817505
25-08-18.22:23|[gym-experiment-walker2d-medium-replay-154907] ----------------------------------------Best_Iteration: 1
25-08-18.22:23|[gym-experiment-walker2d-medium-replay-154907] Best_return_mean: 3802.747354330329
25-08-18.22:23|[gym-experiment-walker2d-medium-replay-154907] Best_normalized_score: 82.8009315621704
25-08-18.22:26|[gym-experiment-walker2d-medium-replay-154907] ================================================================================
25-08-18.22:26|[gym-experiment-walker2d-medium-replay-154907] Iteration 3
25-08-18.22:26|[gym-experiment-walker2d-medium-replay-154907] time/training: 86.31143760681152
25-08-18.22:26|[gym-experiment-walker2d-medium-replay-154907] evaluation/target_10000_return_mean: 3209.271259301408
25-08-18.22:26|[gym-experiment-walker2d-medium-replay-154907] evaluation/target_10000_return_detail: [4190.890261564725, 2457.7791589660937, 2979.1443573734055]
25-08-18.22:26|[gym-experiment-walker2d-medium-replay-154907] evaluation/target_10000_return_std: 726.0107054908102
25-08-18.22:26|[gym-experiment-walker2d-medium-replay-154907] evaluation/target_10000_length_mean: 785.0
25-08-18.22:26|[gym-experiment-walker2d-medium-replay-154907] evaluation/target_10000_length_detail: [1000, 624, 731]
25-08-18.22:26|[gym-experiment-walker2d-medium-replay-154907] evaluation/target_10000_length_std: 158.17922324586965
25-08-18.22:26|[gym-experiment-walker2d-medium-replay-154907] evaluation/target_10000_normalized_score: 69.87305901231547
25-08-18.22:26|[gym-experiment-walker2d-medium-replay-154907] evaluation/target_5000_return_mean: 3671.1676341790353
25-08-18.22:26|[gym-experiment-walker2d-medium-replay-154907] evaluation/target_5000_return_detail: [4083.984871096547, 2714.036155903371, 4215.481875537188]
25-08-18.22:26|[gym-experiment-walker2d-medium-replay-154907] evaluation/target_5000_return_std: 678.9199096475885
25-08-18.22:26|[gym-experiment-walker2d-medium-replay-154907] evaluation/target_5000_length_mean: 897.6666666666666
25-08-18.22:26|[gym-experiment-walker2d-medium-replay-154907] evaluation/target_5000_length_detail: [1000, 700, 993]
25-08-18.22:26|[gym-experiment-walker2d-medium-replay-154907] evaluation/target_5000_length_std: 139.80065172316696
25-08-18.22:26|[gym-experiment-walker2d-medium-replay-154907] evaluation/target_5000_normalized_score: 79.93468999572852
25-08-18.22:26|[gym-experiment-walker2d-medium-replay-154907] time/total: 500.73306226730347
25-08-18.22:26|[gym-experiment-walker2d-medium-replay-154907] time/evaluation: 76.76345562934875
25-08-18.22:26|[gym-experiment-walker2d-medium-replay-154907] training/train_loss_mean: 2.8774094483107326
25-08-18.22:26|[gym-experiment-walker2d-medium-replay-154907] training/train_loss_std: 1.462130761870002
25-08-18.22:26|[gym-experiment-walker2d-medium-replay-154907] training/action_error: 3.3548591136932373
25-08-18.22:26|[gym-experiment-walker2d-medium-replay-154907] ----------------------------------------Best_Iteration: 1
25-08-18.22:26|[gym-experiment-walker2d-medium-replay-154907] Best_return_mean: 3802.747354330329
25-08-18.22:26|[gym-experiment-walker2d-medium-replay-154907] Best_normalized_score: 82.8009315621704
25-08-18.22:29|[gym-experiment-walker2d-medium-replay-154907] ================================================================================
25-08-18.22:29|[gym-experiment-walker2d-medium-replay-154907] Iteration 4
25-08-18.22:29|[gym-experiment-walker2d-medium-replay-154907] time/training: 85.88605642318726
25-08-18.22:29|[gym-experiment-walker2d-medium-replay-154907] evaluation/target_10000_return_mean: 3816.717980067145
25-08-18.22:29|[gym-experiment-walker2d-medium-replay-154907] evaluation/target_10000_return_detail: [3788.327017494069, 3904.2557339416494, 3757.571188765717]
25-08-18.22:29|[gym-experiment-walker2d-medium-replay-154907] evaluation/target_10000_return_std: 63.159185213431876
25-08-18.22:29|[gym-experiment-walker2d-medium-replay-154907] evaluation/target_10000_length_mean: 1000.0
25-08-18.22:29|[gym-experiment-walker2d-medium-replay-154907] evaluation/target_10000_length_detail: [1000, 1000, 1000]
25-08-18.22:29|[gym-experiment-walker2d-medium-replay-154907] evaluation/target_10000_length_std: 0.0
25-08-18.22:29|[gym-experiment-walker2d-medium-replay-154907] evaluation/target_10000_normalized_score: 83.1052580051057
25-08-18.22:29|[gym-experiment-walker2d-medium-replay-154907] evaluation/target_5000_return_mean: 3161.793832840715
25-08-18.22:29|[gym-experiment-walker2d-medium-replay-154907] evaluation/target_5000_return_detail: [1555.7594671317252, 4043.562448968283, 3886.059582422136]
25-08-18.22:29|[gym-experiment-walker2d-medium-replay-154907] evaluation/target_5000_return_std: 1137.4566881486876
25-08-18.22:29|[gym-experiment-walker2d-medium-replay-154907] evaluation/target_5000_length_mean: 811.6666666666666
25-08-18.22:29|[gym-experiment-walker2d-medium-replay-154907] evaluation/target_5000_length_detail: [435, 1000, 1000]
25-08-18.22:29|[gym-experiment-walker2d-medium-replay-154907] evaluation/target_5000_length_std: 266.3435542469329
25-08-18.22:29|[gym-experiment-walker2d-medium-replay-154907] evaluation/target_5000_normalized_score: 68.8388436101786
25-08-18.22:29|[gym-experiment-walker2d-medium-replay-154907] time/total: 669.5276913642883
25-08-18.22:29|[gym-experiment-walker2d-medium-replay-154907] time/evaluation: 82.8460066318512
25-08-18.22:29|[gym-experiment-walker2d-medium-replay-154907] training/train_loss_mean: 2.8652077534496785
25-08-18.22:29|[gym-experiment-walker2d-medium-replay-154907] training/train_loss_std: 1.4518513471661079
25-08-18.22:29|[gym-experiment-walker2d-medium-replay-154907] training/action_error: 4.970911979675293
25-08-18.22:29|[gym-experiment-walker2d-medium-replay-154907] ----------------------------------------Best_Iteration: 4
25-08-18.22:29|[gym-experiment-walker2d-medium-replay-154907] Best_return_mean: 3816.717980067145
25-08-18.22:29|[gym-experiment-walker2d-medium-replay-154907] Best_normalized_score: 83.1052580051057
25-08-18.22:32|[gym-experiment-walker2d-medium-replay-154907] ================================================================================
25-08-18.22:32|[gym-experiment-walker2d-medium-replay-154907] Iteration 5
25-08-18.22:32|[gym-experiment-walker2d-medium-replay-154907] time/training: 88.19862270355225
25-08-18.22:32|[gym-experiment-walker2d-medium-replay-154907] evaluation/target_10000_return_mean: 3726.033212044773
25-08-18.22:32|[gym-experiment-walker2d-medium-replay-154907] evaluation/target_10000_return_detail: [3799.314847335728, 3803.221451837611, 3575.5633369609805]
25-08-18.22:32|[gym-experiment-walker2d-medium-replay-154907] evaluation/target_10000_return_std: 106.41022153434523
25-08-18.22:32|[gym-experiment-walker2d-medium-replay-154907] evaluation/target_10000_length_mean: 1000.0
25-08-18.22:32|[gym-experiment-walker2d-medium-replay-154907] evaluation/target_10000_length_detail: [1000, 1000, 1000]
25-08-18.22:32|[gym-experiment-walker2d-medium-replay-154907] evaluation/target_10000_length_std: 0.0
25-08-18.22:32|[gym-experiment-walker2d-medium-replay-154907] evaluation/target_10000_normalized_score: 81.12984377523809
25-08-18.22:32|[gym-experiment-walker2d-medium-replay-154907] evaluation/target_5000_return_mean: 3817.402441469025
25-08-18.22:32|[gym-experiment-walker2d-medium-replay-154907] evaluation/target_5000_return_detail: [3960.730675794765, 3704.1006393168304, 3787.3760092954785]
25-08-18.22:32|[gym-experiment-walker2d-medium-replay-154907] evaluation/target_5000_return_std: 106.89849976331418
25-08-18.22:32|[gym-experiment-walker2d-medium-replay-154907] evaluation/target_5000_length_mean: 1000.0
25-08-18.22:32|[gym-experiment-walker2d-medium-replay-154907] evaluation/target_5000_length_detail: [1000, 1000, 1000]
25-08-18.22:32|[gym-experiment-walker2d-medium-replay-154907] evaluation/target_5000_length_std: 0.0
25-08-18.22:32|[gym-experiment-walker2d-medium-replay-154907] evaluation/target_5000_normalized_score: 83.12016783861526
25-08-18.22:32|[gym-experiment-walker2d-medium-replay-154907] time/total: 862.0509920120239
25-08-18.22:32|[gym-experiment-walker2d-medium-replay-154907] time/evaluation: 104.21328973770142
25-08-18.22:32|[gym-experiment-walker2d-medium-replay-154907] training/train_loss_mean: 2.8231238693371417
25-08-18.22:32|[gym-experiment-walker2d-medium-replay-154907] training/train_loss_std: 1.4417647110063323
25-08-18.22:32|[gym-experiment-walker2d-medium-replay-154907] training/action_error: 0.7966007590293884
25-08-18.22:32|[gym-experiment-walker2d-medium-replay-154907] ----------------------------------------Best_Iteration: 5
25-08-18.22:32|[gym-experiment-walker2d-medium-replay-154907] Best_return_mean: 3817.402441469025
25-08-18.22:32|[gym-experiment-walker2d-medium-replay-154907] Best_normalized_score: 83.12016783861526
25-08-18.22:35|[gym-experiment-walker2d-medium-replay-154907] ================================================================================
25-08-18.22:35|[gym-experiment-walker2d-medium-replay-154907] Iteration 6
25-08-18.22:35|[gym-experiment-walker2d-medium-replay-154907] time/training: 87.05997943878174
25-08-18.22:35|[gym-experiment-walker2d-medium-replay-154907] evaluation/target_10000_return_mean: 4019.215182822767
25-08-18.22:35|[gym-experiment-walker2d-medium-replay-154907] evaluation/target_10000_return_detail: [4005.3878264586197, 3994.512326679767, 4057.7453953299146]
25-08-18.22:35|[gym-experiment-walker2d-medium-replay-154907] evaluation/target_10000_return_std: 27.60437260947885
25-08-18.22:35|[gym-experiment-walker2d-medium-replay-154907] evaluation/target_10000_length_mean: 1000.0
25-08-18.22:35|[gym-experiment-walker2d-medium-replay-154907] evaluation/target_10000_length_detail: [1000, 1000, 1000]
25-08-18.22:35|[gym-experiment-walker2d-medium-replay-154907] evaluation/target_10000_length_std: 0.0
25-08-18.22:35|[gym-experiment-walker2d-medium-replay-154907] evaluation/target_10000_normalized_score: 87.5163169354561
25-08-18.22:35|[gym-experiment-walker2d-medium-replay-154907] evaluation/target_5000_return_mean: 3391.914966701801
25-08-18.22:35|[gym-experiment-walker2d-medium-replay-154907] evaluation/target_5000_return_detail: [3949.1372144272686, 4100.196369337937, 2126.4113163401985]
25-08-18.22:35|[gym-experiment-walker2d-medium-replay-154907] evaluation/target_5000_return_std: 896.9687225611558
25-08-18.22:35|[gym-experiment-walker2d-medium-replay-154907] evaluation/target_5000_length_mean: 858.6666666666666
25-08-18.22:35|[gym-experiment-walker2d-medium-replay-154907] evaluation/target_5000_length_detail: [1000, 1000, 576]
25-08-18.22:35|[gym-experiment-walker2d-medium-replay-154907] evaluation/target_5000_length_std: 199.87551681539742
25-08-18.22:35|[gym-experiment-walker2d-medium-replay-154907] evaluation/target_5000_normalized_score: 73.85164313909517
25-08-18.22:35|[gym-experiment-walker2d-medium-replay-154907] time/total: 1036.6761910915375
25-08-18.22:35|[gym-experiment-walker2d-medium-replay-154907] time/evaluation: 87.45351433753967
25-08-18.22:35|[gym-experiment-walker2d-medium-replay-154907] training/train_loss_mean: 2.868993512660265
25-08-18.22:35|[gym-experiment-walker2d-medium-replay-154907] training/train_loss_std: 1.5377847333454417
25-08-18.22:35|[gym-experiment-walker2d-medium-replay-154907] training/action_error: 3.392160654067993
25-08-18.22:35|[gym-experiment-walker2d-medium-replay-154907] ----------------------------------------Best_Iteration: 6
25-08-18.22:35|[gym-experiment-walker2d-medium-replay-154907] Best_return_mean: 4019.215182822767
25-08-18.22:35|[gym-experiment-walker2d-medium-replay-154907] Best_normalized_score: 87.5163169354561
25-08-19.02:47|[gym-experiment-walker2d-medium-replay-154907] ==================================================
25-08-19.02:47|[gym-experiment-walker2d-medium-replay-154907] Starting new experiment: walker2d medium-replay
25-08-19.02:47|[gym-experiment-walker2d-medium-replay-154907] 1093 trajectories, 302000 timesteps found
25-08-19.02:47|[gym-experiment-walker2d-medium-replay-154907] Average return: 482.70, std: 895.96
25-08-19.02:47|[gym-experiment-walker2d-medium-replay-154907] Max return: 3932.00, min: -250.20
25-08-19.02:47|[gym-experiment-walker2d-medium-replay-154907] ==================================================
25-08-19.14:59|[gym-experiment-walker2d-medium-replay-154907] ==================================================
25-08-19.14:59|[gym-experiment-walker2d-medium-replay-154907] Starting new experiment: walker2d medium-replay
25-08-19.14:59|[gym-experiment-walker2d-medium-replay-154907] 1093 trajectories, 302000 timesteps found
25-08-19.14:59|[gym-experiment-walker2d-medium-replay-154907] Average return: 482.70, std: 895.96
25-08-19.14:59|[gym-experiment-walker2d-medium-replay-154907] Max return: 3932.00, min: -250.20
25-08-19.14:59|[gym-experiment-walker2d-medium-replay-154907] ==================================================
25-08-19.15:00|[gym-experiment-walker2d-medium-replay-154907] ================================================================================
25-08-19.15:00|[gym-experiment-walker2d-medium-replay-154907] Iteration 1
25-08-19.15:00|[gym-experiment-walker2d-medium-replay-154907] time/training: 18.27925968170166
25-08-19.15:00|[gym-experiment-walker2d-medium-replay-154907] evaluation/target_10000_return_mean: 730.4072055946914
25-08-19.15:00|[gym-experiment-walker2d-medium-replay-154907] evaluation/target_10000_return_detail: [636.9628791939544, 817.603818721213, 736.6549188689071]
25-08-19.15:00|[gym-experiment-walker2d-medium-replay-154907] evaluation/target_10000_return_std: 73.87856116262812
25-08-19.15:00|[gym-experiment-walker2d-medium-replay-154907] evaluation/target_10000_length_mean: 267.6666666666667
25-08-19.15:00|[gym-experiment-walker2d-medium-replay-154907] evaluation/target_10000_length_detail: [233, 293, 277]
25-08-19.15:00|[gym-experiment-walker2d-medium-replay-154907] evaluation/target_10000_length_std: 25.368396787253932
25-08-19.15:00|[gym-experiment-walker2d-medium-replay-154907] evaluation/target_10000_normalized_score: 15.875199918807237
25-08-19.15:00|[gym-experiment-walker2d-medium-replay-154907] evaluation/target_5000_return_mean: 642.2779010602725
25-08-19.15:00|[gym-experiment-walker2d-medium-replay-154907] evaluation/target_5000_return_detail: [423.73451606312665, 1000.3479398653074, 502.75124725238334]
25-08-19.15:00|[gym-experiment-walker2d-medium-replay-154907] evaluation/target_5000_return_std: 255.24044281074558
25-08-19.15:00|[gym-experiment-walker2d-medium-replay-154907] evaluation/target_5000_length_mean: 238.0
25-08-19.15:00|[gym-experiment-walker2d-medium-replay-154907] evaluation/target_5000_length_detail: [177, 338, 199]
25-08-19.15:00|[gym-experiment-walker2d-medium-replay-154907] evaluation/target_5000_length_std: 71.27879535083815
25-08-19.15:00|[gym-experiment-walker2d-medium-replay-154907] evaluation/target_5000_normalized_score: 13.955452137099536
25-08-19.15:00|[gym-experiment-walker2d-medium-replay-154907] time/total: 41.121967792510986
25-08-19.15:00|[gym-experiment-walker2d-medium-replay-154907] time/evaluation: 22.839683294296265
25-08-19.15:00|[gym-experiment-walker2d-medium-replay-154907] training/train_loss_mean: 3.3963696482777594
25-08-19.15:00|[gym-experiment-walker2d-medium-replay-154907] training/train_loss_std: 1.540449615246367
25-08-19.15:00|[gym-experiment-walker2d-medium-replay-154907] training/action_error: 0.7168049812316895
25-08-19.15:00|[gym-experiment-walker2d-medium-replay-154907] ----------------------------------------Best_Iteration: 1
25-08-19.15:00|[gym-experiment-walker2d-medium-replay-154907] Best_return_mean: 730.4072055946914
25-08-19.15:00|[gym-experiment-walker2d-medium-replay-154907] Best_normalized_score: 15.875199918807237
25-08-19.15:02|[gym-experiment-walker2d-medium-replay-154907] ================================================================================
25-08-19.15:02|[gym-experiment-walker2d-medium-replay-154907] Iteration 2
25-08-19.15:02|[gym-experiment-walker2d-medium-replay-154907] time/training: 17.310386419296265
25-08-19.15:02|[gym-experiment-walker2d-medium-replay-154907] evaluation/target_10000_return_mean: 2869.037214849362
25-08-19.15:02|[gym-experiment-walker2d-medium-replay-154907] evaluation/target_10000_return_detail: [3909.543705869321, 835.7596092414852, 3861.8083294372786]
25-08-19.15:02|[gym-experiment-walker2d-medium-replay-154907] evaluation/target_10000_return_std: 1437.8764510301644
25-08-19.15:02|[gym-experiment-walker2d-medium-replay-154907] evaluation/target_10000_length_mean: 760.3333333333334
25-08-19.15:02|[gym-experiment-walker2d-medium-replay-154907] evaluation/target_10000_length_detail: [1000, 281, 1000]
25-08-19.15:02|[gym-experiment-walker2d-medium-replay-154907] evaluation/target_10000_length_std: 338.93985044875177
25-08-19.15:02|[gym-experiment-walker2d-medium-replay-154907] evaluation/target_10000_normalized_score: 62.46163604070718
25-08-19.15:02|[gym-experiment-walker2d-medium-replay-154907] evaluation/target_5000_return_mean: 3386.1720598988973
25-08-19.15:02|[gym-experiment-walker2d-medium-replay-154907] evaluation/target_5000_return_detail: [3901.316992066602, 3851.7523751359204, 2405.4468124941686]
25-08-19.15:02|[gym-experiment-walker2d-medium-replay-154907] evaluation/target_5000_return_std: 693.7726193240695
25-08-19.15:02|[gym-experiment-walker2d-medium-replay-154907] evaluation/target_5000_length_mean: 877.6666666666666
25-08-19.15:02|[gym-experiment-walker2d-medium-replay-154907] evaluation/target_5000_length_detail: [1000, 1000, 633]
25-08-19.15:02|[gym-experiment-walker2d-medium-replay-154907] evaluation/target_5000_length_std: 173.00545913030862
25-08-19.15:02|[gym-experiment-walker2d-medium-replay-154907] evaluation/target_5000_normalized_score: 73.72654363157413
25-08-19.15:02|[gym-experiment-walker2d-medium-replay-154907] time/total: 129.74838876724243
25-08-19.15:02|[gym-experiment-walker2d-medium-replay-154907] time/evaluation: 71.27971911430359
25-08-19.15:02|[gym-experiment-walker2d-medium-replay-154907] training/train_loss_mean: 2.942923856303096
25-08-19.15:02|[gym-experiment-walker2d-medium-replay-154907] training/train_loss_std: 1.4860275818713993
25-08-19.15:02|[gym-experiment-walker2d-medium-replay-154907] training/action_error: 0.15968839824199677
25-08-19.15:02|[gym-experiment-walker2d-medium-replay-154907] ----------------------------------------Best_Iteration: 2
25-08-19.15:02|[gym-experiment-walker2d-medium-replay-154907] Best_return_mean: 3386.1720598988973
25-08-19.15:02|[gym-experiment-walker2d-medium-replay-154907] Best_normalized_score: 73.72654363157413
25-08-19.15:13|[gym-experiment-walker2d-medium-replay-154907] ==================================================
25-08-19.15:13|[gym-experiment-walker2d-medium-replay-154907] Starting new experiment: walker2d medium-replay
25-08-19.15:13|[gym-experiment-walker2d-medium-replay-154907] 1093 trajectories, 302000 timesteps found
25-08-19.15:13|[gym-experiment-walker2d-medium-replay-154907] Average return: 482.70, std: 895.96
25-08-19.15:13|[gym-experiment-walker2d-medium-replay-154907] Max return: 3932.00, min: -250.20
25-08-19.15:13|[gym-experiment-walker2d-medium-replay-154907] ==================================================
25-08-19.15:14|[gym-experiment-walker2d-medium-replay-154907] ==================================================
25-08-19.15:14|[gym-experiment-walker2d-medium-replay-154907] Starting new experiment: walker2d medium-replay
25-08-19.15:14|[gym-experiment-walker2d-medium-replay-154907] 1093 trajectories, 302000 timesteps found
25-08-19.15:14|[gym-experiment-walker2d-medium-replay-154907] Average return: 482.70, std: 895.96
25-08-19.15:14|[gym-experiment-walker2d-medium-replay-154907] Max return: 3932.00, min: -250.20
25-08-19.15:14|[gym-experiment-walker2d-medium-replay-154907] ==================================================
25-08-19.15:20|[gym-experiment-walker2d-medium-replay-154907] ================================================================================
25-08-19.15:20|[gym-experiment-walker2d-medium-replay-154907] Iteration 1
25-08-19.15:20|[gym-experiment-walker2d-medium-replay-154907] time/training: 169.366858959198
25-08-19.15:20|[gym-experiment-walker2d-medium-replay-154907] evaluation/target_10000_return_mean: 3250.9289553194476
25-08-19.15:20|[gym-experiment-walker2d-medium-replay-154907] evaluation/target_10000_return_detail: [2613.3345081895045, 1289.396116619812, 3896.7374613991756, 4107.081562817272, 4044.889978435276, 4011.8134981868566, 2674.923773078837, 3663.706971043256, 3825.757597738468, 2381.6480856860157]
25-08-19.15:20|[gym-experiment-walker2d-medium-replay-154907] evaluation/target_10000_return_std: 905.6361257507782
25-08-19.15:20|[gym-experiment-walker2d-medium-replay-154907] evaluation/target_10000_length_mean: 826.1
25-08-19.15:20|[gym-experiment-walker2d-medium-replay-154907] evaluation/target_10000_length_detail: [648, 416, 1000, 1000, 1000, 971, 707, 930, 962, 627]
25-08-19.15:20|[gym-experiment-walker2d-medium-replay-154907] evaluation/target_10000_length_std: 198.67332483249984
25-08-19.15:20|[gym-experiment-walker2d-medium-replay-154907] evaluation/target_10000_normalized_score: 70.78050143392737
25-08-19.15:20|[gym-experiment-walker2d-medium-replay-154907] evaluation/target_5000_return_mean: 3129.481938823164
25-08-19.15:20|[gym-experiment-walker2d-medium-replay-154907] evaluation/target_5000_return_detail: [4212.2614684542195, 2199.7051814814295, 2033.578336755415, 2184.0121498197855, 4010.151389306412, 3864.185289101262, 3529.0287145968828, 2970.1361367404297, 4242.828210796579, 2048.9325111792273]
25-08-19.15:20|[gym-experiment-walker2d-medium-replay-154907] evaluation/target_5000_return_std: 896.6235300682083
25-08-19.15:20|[gym-experiment-walker2d-medium-replay-154907] evaluation/target_5000_length_mean: 785.8
25-08-19.15:20|[gym-experiment-walker2d-medium-replay-154907] evaluation/target_5000_length_detail: [1000, 615, 534, 591, 968, 1000, 858, 752, 1000, 540]
25-08-19.15:20|[gym-experiment-walker2d-medium-replay-154907] evaluation/target_5000_length_std: 191.86912205980408
25-08-19.15:20|[gym-experiment-walker2d-medium-replay-154907] evaluation/target_5000_normalized_score: 68.13498367175436
25-08-19.15:20|[gym-experiment-walker2d-medium-replay-154907] time/total: 398.45516562461853
25-08-19.15:20|[gym-experiment-walker2d-medium-replay-154907] time/evaluation: 229.08530521392822
25-08-19.15:20|[gym-experiment-walker2d-medium-replay-154907] training/train_loss_mean: 2.935945522002876
25-08-19.15:20|[gym-experiment-walker2d-medium-replay-154907] training/train_loss_std: 1.4745963124596613
25-08-19.15:20|[gym-experiment-walker2d-medium-replay-154907] training/action_error: 2.7692580223083496
25-08-19.15:20|[gym-experiment-walker2d-medium-replay-154907] ----------------------------------------Best_Iteration: 1
25-08-19.15:20|[gym-experiment-walker2d-medium-replay-154907] Best_return_mean: 3250.9289553194476
25-08-19.15:20|[gym-experiment-walker2d-medium-replay-154907] Best_normalized_score: 70.78050143392737
25-08-19.15:28|[gym-experiment-walker2d-medium-replay-154907] ================================================================================
25-08-19.15:28|[gym-experiment-walker2d-medium-replay-154907] Iteration 2
25-08-19.15:28|[gym-experiment-walker2d-medium-replay-154907] time/training: 169.78092122077942
25-08-19.15:28|[gym-experiment-walker2d-medium-replay-154907] evaluation/target_10000_return_mean: 3949.1169098362457
25-08-19.15:28|[gym-experiment-walker2d-medium-replay-154907] evaluation/target_10000_return_detail: [4102.985820455733, 4006.7592226633683, 4048.57017378879, 3998.44203598989, 3656.890769170077, 4085.194745980181, 4038.3251733116576, 3999.8840797735224, 3375.660487872795, 4178.456589356441]
25-08-19.15:28|[gym-experiment-walker2d-medium-replay-154907] evaluation/target_10000_return_std: 231.34819401752898
25-08-19.15:28|[gym-experiment-walker2d-medium-replay-154907] evaluation/target_10000_length_mean: 975.4
25-08-19.15:28|[gym-experiment-walker2d-medium-replay-154907] evaluation/target_10000_length_detail: [1000, 1000, 1000, 1000, 894, 1000, 1000, 1000, 860, 1000]
25-08-19.15:28|[gym-experiment-walker2d-medium-replay-154907] evaluation/target_10000_length_std: 49.783933151168355
25-08-19.15:28|[gym-experiment-walker2d-medium-replay-154907] evaluation/target_10000_normalized_score: 85.98934466694287
25-08-19.15:28|[gym-experiment-walker2d-medium-replay-154907] evaluation/target_5000_return_mean: 3842.2686583605077
25-08-19.15:28|[gym-experiment-walker2d-medium-replay-154907] evaluation/target_5000_return_detail: [4097.70836575266, 3968.0989447726133, 2174.9453667421685, 3949.981404363412, 3990.9588961895015, 3974.9641352515755, 3986.4024302980397, 4128.6162263645765, 4065.3333671014143, 4085.6774467691234]
25-08-19.15:28|[gym-experiment-walker2d-medium-replay-154907] evaluation/target_5000_return_std: 558.9404040149211
25-08-19.15:28|[gym-experiment-walker2d-medium-replay-154907] evaluation/target_5000_length_mean: 958.9
25-08-19.15:28|[gym-experiment-walker2d-medium-replay-154907] evaluation/target_5000_length_detail: [1000, 1000, 605, 1000, 1000, 984, 1000, 1000, 1000, 1000]
25-08-19.15:28|[gym-experiment-walker2d-medium-replay-154907] evaluation/target_5000_length_std: 118.06307636174824
25-08-19.15:28|[gym-experiment-walker2d-medium-replay-154907] evaluation/target_5000_normalized_score: 83.66183629916965
25-08-19.15:28|[gym-experiment-walker2d-medium-replay-154907] time/total: 854.4726328849792
25-08-19.15:28|[gym-experiment-walker2d-medium-replay-154907] time/evaluation: 286.20754623413086
25-08-19.15:28|[gym-experiment-walker2d-medium-replay-154907] training/train_loss_mean: 2.870171506050974
25-08-19.15:28|[gym-experiment-walker2d-medium-replay-154907] training/train_loss_std: 1.4570072159563596
25-08-19.15:28|[gym-experiment-walker2d-medium-replay-154907] training/action_error: 4.9705071449279785
25-08-19.15:28|[gym-experiment-walker2d-medium-replay-154907] ----------------------------------------Best_Iteration: 2
25-08-19.15:28|[gym-experiment-walker2d-medium-replay-154907] Best_return_mean: 3949.1169098362457
25-08-19.15:28|[gym-experiment-walker2d-medium-replay-154907] Best_normalized_score: 85.98934466694287
25-08-19.15:35|[gym-experiment-walker2d-medium-replay-154907] ================================================================================
25-08-19.15:35|[gym-experiment-walker2d-medium-replay-154907] Iteration 3
25-08-19.15:35|[gym-experiment-walker2d-medium-replay-154907] time/training: 169.82917189598083
25-08-19.15:35|[gym-experiment-walker2d-medium-replay-154907] evaluation/target_10000_return_mean: 3727.3541651657483
25-08-19.15:35|[gym-experiment-walker2d-medium-replay-154907] evaluation/target_10000_return_detail: [3132.6361772054006, 4155.521520784128, 4230.018189708201, 4188.94971509708, 4054.8249300402963, 2600.3559851248024, 2847.1791057215232, 4139.165117127838, 3900.8950003933974, 4023.995910454814]
25-08-19.15:35|[gym-experiment-walker2d-medium-replay-154907] evaluation/target_10000_return_std: 586.7307290855672
25-08-19.15:35|[gym-experiment-walker2d-medium-replay-154907] evaluation/target_10000_length_mean: 910.0
25-08-19.15:35|[gym-experiment-walker2d-medium-replay-154907] evaluation/target_10000_length_detail: [765, 1000, 1000, 1000, 1000, 689, 708, 1000, 938, 1000]
25-08-19.15:35|[gym-experiment-walker2d-medium-replay-154907] evaluation/target_10000_length_std: 126.51244998022922
25-08-19.15:35|[gym-experiment-walker2d-medium-replay-154907] evaluation/target_10000_normalized_score: 81.15861850388401
25-08-19.15:35|[gym-experiment-walker2d-medium-replay-154907] evaluation/target_5000_return_mean: 3454.3159963437342
25-08-19.15:35|[gym-experiment-walker2d-medium-replay-154907] evaluation/target_5000_return_detail: [4063.0048201042246, 4118.8069394538625, 2862.733809178934, 4150.394392635137, 1807.800818512148, 3926.0118104755134, 3628.002260126277, 4020.056623532775, 1790.8268249838932, 4175.521664434575]
25-08-19.15:35|[gym-experiment-walker2d-medium-replay-154907] evaluation/target_5000_return_std: 906.5107446631083
25-08-19.15:35|[gym-experiment-walker2d-medium-replay-154907] evaluation/target_5000_length_mean: 868.4
25-08-19.15:35|[gym-experiment-walker2d-medium-replay-154907] evaluation/target_5000_length_detail: [1000, 1000, 726, 1000, 458, 1000, 1000, 1000, 500, 1000]
25-08-19.15:35|[gym-experiment-walker2d-medium-replay-154907] evaluation/target_5000_length_std: 211.10528179086376
25-08-19.15:35|[gym-experiment-walker2d-medium-replay-154907] evaluation/target_5000_normalized_score: 75.21094398532611
25-08-19.15:35|[gym-experiment-walker2d-medium-replay-154907] time/total: 1291.4338202476501
25-08-19.15:35|[gym-experiment-walker2d-medium-replay-154907] time/evaluation: 267.101026058197
25-08-19.15:35|[gym-experiment-walker2d-medium-replay-154907] training/train_loss_mean: 2.845420627038926
25-08-19.15:35|[gym-experiment-walker2d-medium-replay-154907] training/train_loss_std: 1.4908671612103248
25-08-19.15:35|[gym-experiment-walker2d-medium-replay-154907] training/action_error: 3.393366575241089
25-08-19.15:35|[gym-experiment-walker2d-medium-replay-154907] ----------------------------------------Best_Iteration: 2
25-08-19.15:35|[gym-experiment-walker2d-medium-replay-154907] Best_return_mean: 3949.1169098362457
25-08-19.15:35|[gym-experiment-walker2d-medium-replay-154907] Best_normalized_score: 85.98934466694287
25-08-19.15:42|[gym-experiment-walker2d-medium-replay-154907] ================================================================================
25-08-19.15:42|[gym-experiment-walker2d-medium-replay-154907] Iteration 4
25-08-19.15:42|[gym-experiment-walker2d-medium-replay-154907] time/training: 172.3833086490631
25-08-19.15:42|[gym-experiment-walker2d-medium-replay-154907] evaluation/target_10000_return_mean: 3080.2576511256407
25-08-19.15:42|[gym-experiment-walker2d-medium-replay-154907] evaluation/target_10000_return_detail: [3751.5059379726385, 3782.2231021495527, 110.05549091456498, 3565.623000834321, 3954.344625771007, 3930.5230023467016, 3819.483936049293, 80.27180791593004, 3958.1575112946653, 3850.388096007733]
25-08-19.15:42|[gym-experiment-walker2d-medium-replay-154907] evaluation/target_10000_return_std: 1496.6017835542677
25-08-19.15:42|[gym-experiment-walker2d-medium-replay-154907] evaluation/target_10000_length_mean: 831.3
25-08-19.15:42|[gym-experiment-walker2d-medium-replay-154907] evaluation/target_10000_length_detail: [1000, 1000, 173, 1000, 1000, 1000, 1000, 140, 1000, 1000]
25-08-19.15:42|[gym-experiment-walker2d-medium-replay-154907] evaluation/target_10000_length_std: 337.4806809285533
25-08-19.15:42|[gym-experiment-walker2d-medium-replay-154907] evaluation/target_10000_normalized_score: 67.06271585331768
25-08-19.15:42|[gym-experiment-walker2d-medium-replay-154907] evaluation/target_5000_return_mean: 3759.56939384926
25-08-19.15:42|[gym-experiment-walker2d-medium-replay-154907] evaluation/target_5000_return_detail: [3874.3897284770705, 3822.4875926357427, 3850.347359038608, 3940.0071536932032, 3965.5319493720176, 3921.5846129705064, 3791.123510952391, 2795.686439430847, 3832.8336703629657, 3801.7019215592436]
25-08-19.15:42|[gym-experiment-walker2d-medium-replay-154907] evaluation/target_5000_return_std: 326.16240661014314
25-08-19.15:42|[gym-experiment-walker2d-medium-replay-154907] evaluation/target_5000_length_mean: 974.2
25-08-19.15:42|[gym-experiment-walker2d-medium-replay-154907] evaluation/target_5000_length_detail: [1000, 1000, 1000, 1000, 1000, 1000, 1000, 742, 1000, 1000]
25-08-19.15:42|[gym-experiment-walker2d-medium-replay-154907] evaluation/target_5000_length_std: 77.4
25-08-19.15:42|[gym-experiment-walker2d-medium-replay-154907] evaluation/target_5000_normalized_score: 81.86037275156704
25-08-19.15:42|[gym-experiment-walker2d-medium-replay-154907] time/total: 1729.972060918808
25-08-19.15:42|[gym-experiment-walker2d-medium-replay-154907] time/evaluation: 266.15187096595764
25-08-19.15:42|[gym-experiment-walker2d-medium-replay-154907] training/train_loss_mean: 2.815771386887878
25-08-19.15:42|[gym-experiment-walker2d-medium-replay-154907] training/train_loss_std: 1.4871537671755855
25-08-19.15:42|[gym-experiment-walker2d-medium-replay-154907] training/action_error: 6.285364627838135
25-08-19.15:42|[gym-experiment-walker2d-medium-replay-154907] ----------------------------------------Best_Iteration: 2
25-08-19.15:42|[gym-experiment-walker2d-medium-replay-154907] Best_return_mean: 3949.1169098362457
25-08-19.15:42|[gym-experiment-walker2d-medium-replay-154907] Best_normalized_score: 85.98934466694287
25-08-19.15:50|[gym-experiment-walker2d-medium-replay-154907] ================================================================================
25-08-19.15:50|[gym-experiment-walker2d-medium-replay-154907] Iteration 5
25-08-19.15:50|[gym-experiment-walker2d-medium-replay-154907] time/training: 170.3260931968689
25-08-19.15:50|[gym-experiment-walker2d-medium-replay-154907] evaluation/target_10000_return_mean: 4087.5020815808216
25-08-19.15:50|[gym-experiment-walker2d-medium-replay-154907] evaluation/target_10000_return_detail: [4092.78554880147, 4136.2787156110035, 4082.8632180474046, 4136.228027739101, 4051.5910910930706, 4044.2413542575036, 4130.424456376361, 3937.738291009437, 4122.99434742084, 4139.875765452024]
25-08-19.15:50|[gym-experiment-walker2d-medium-replay-154907] evaluation/target_10000_return_std: 60.19811344596982
25-08-19.15:50|[gym-experiment-walker2d-medium-replay-154907] evaluation/target_10000_length_mean: 1000.0
25-08-19.15:50|[gym-experiment-walker2d-medium-replay-154907] evaluation/target_10000_length_detail: [1000, 1000, 1000, 1000, 1000, 1000, 1000, 1000, 1000, 1000]
25-08-19.15:50|[gym-experiment-walker2d-medium-replay-154907] evaluation/target_10000_length_std: 0.0
25-08-19.15:50|[gym-experiment-walker2d-medium-replay-154907] evaluation/target_10000_normalized_score: 89.00383148130476
25-08-19.15:50|[gym-experiment-walker2d-medium-replay-154907] evaluation/target_5000_return_mean: 3810.1997194695855
25-08-19.15:50|[gym-experiment-walker2d-medium-replay-154907] evaluation/target_5000_return_detail: [3660.604262514863, 1950.6298633227932, 3956.7578687926675, 4021.441586228633, 4162.233565543079, 4177.83388619491, 4045.4913711801914, 4011.799055593674, 4050.280864665194, 4064.9248706598514]
25-08-19.15:50|[gym-experiment-walker2d-medium-replay-154907] evaluation/target_5000_return_std: 634.3573354174274
25-08-19.15:50|[gym-experiment-walker2d-medium-replay-154907] evaluation/target_5000_length_mean: 935.7
25-08-19.15:50|[gym-experiment-walker2d-medium-replay-154907] evaluation/target_5000_length_detail: [875, 509, 1000, 1000, 1000, 1000, 1000, 1000, 1000, 973]
25-08-19.15:50|[gym-experiment-walker2d-medium-replay-154907] evaluation/target_5000_length_std: 147.00003401360152
25-08-19.15:50|[gym-experiment-walker2d-medium-replay-154907] evaluation/target_5000_normalized_score: 82.96326872709125
25-08-19.15:50|[gym-experiment-walker2d-medium-replay-154907] time/total: 2179.2971184253693
25-08-19.15:50|[gym-experiment-walker2d-medium-replay-154907] time/evaluation: 278.9959170818329
25-08-19.15:50|[gym-experiment-walker2d-medium-replay-154907] training/train_loss_mean: 2.88782845069468
25-08-19.15:50|[gym-experiment-walker2d-medium-replay-154907] training/train_loss_std: 1.454786295867978
25-08-19.15:50|[gym-experiment-walker2d-medium-replay-154907] training/action_error: 3.9389736652374268
25-08-19.15:50|[gym-experiment-walker2d-medium-replay-154907] ----------------------------------------Best_Iteration: 5
25-08-19.15:50|[gym-experiment-walker2d-medium-replay-154907] Best_return_mean: 4087.5020815808216
25-08-19.15:50|[gym-experiment-walker2d-medium-replay-154907] Best_normalized_score: 89.00383148130476
25-08-19.21:29|[gym-experiment-walker2d-medium-replay-154907] ==================================================
25-08-19.21:29|[gym-experiment-walker2d-medium-replay-154907] Starting new experiment: walker2d medium-replay
25-08-19.21:29|[gym-experiment-walker2d-medium-replay-154907] 1093 trajectories, 302000 timesteps found
25-08-19.21:29|[gym-experiment-walker2d-medium-replay-154907] Average return: 482.70, std: 895.96
25-08-19.21:29|[gym-experiment-walker2d-medium-replay-154907] Max return: 3932.00, min: -250.20
25-08-19.21:29|[gym-experiment-walker2d-medium-replay-154907] ==================================================
25-08-19.21:31|[gym-experiment-walker2d-medium-replay-154907] ==================================================
25-08-19.21:31|[gym-experiment-walker2d-medium-replay-154907] Starting new experiment: walker2d medium-replay
25-08-19.21:31|[gym-experiment-walker2d-medium-replay-154907] 1093 trajectories, 302000 timesteps found
25-08-19.21:31|[gym-experiment-walker2d-medium-replay-154907] Average return: 482.70, std: 895.96
25-08-19.21:31|[gym-experiment-walker2d-medium-replay-154907] Max return: 3932.00, min: -250.20
25-08-19.21:31|[gym-experiment-walker2d-medium-replay-154907] ==================================================
25-08-19.21:32|[gym-experiment-walker2d-medium-replay-154907] ==================================================
25-08-19.21:32|[gym-experiment-walker2d-medium-replay-154907] Starting new experiment: walker2d medium-replay
25-08-19.21:32|[gym-experiment-walker2d-medium-replay-154907] 1093 trajectories, 302000 timesteps found
25-08-19.21:32|[gym-experiment-walker2d-medium-replay-154907] Average return: 482.70, std: 895.96
25-08-19.21:32|[gym-experiment-walker2d-medium-replay-154907] Max return: 3932.00, min: -250.20
25-08-19.21:32|[gym-experiment-walker2d-medium-replay-154907] ==================================================
25-08-19.21:36|[gym-experiment-walker2d-medium-replay-154907] ================================================================================
25-08-19.21:36|[gym-experiment-walker2d-medium-replay-154907] Iteration 1
25-08-19.21:36|[gym-experiment-walker2d-medium-replay-154907] time/training: 103.03466439247131
25-08-19.21:36|[gym-experiment-walker2d-medium-replay-154907] evaluation/target_10000_return_mean: 3876.2065733206814
25-08-19.21:36|[gym-experiment-walker2d-medium-replay-154907] evaluation/target_10000_return_detail: [3947.9372259674487, 3274.6100094404915, 3948.9232991706554, 4098.256729574127, 3898.927438144884, 3877.7159421647298, 3982.851790771196, 3757.355984548587, 4007.4810816519425, 3968.006231772752]
25-08-19.21:36|[gym-experiment-walker2d-medium-replay-154907] evaluation/target_10000_return_std: 217.56264865340327
25-08-19.21:36|[gym-experiment-walker2d-medium-replay-154907] evaluation/target_10000_length_mean: 983.2
25-08-19.21:36|[gym-experiment-walker2d-medium-replay-154907] evaluation/target_10000_length_detail: [1000, 889, 1000, 1000, 1000, 1000, 1000, 943, 1000, 1000]
25-08-19.21:36|[gym-experiment-walker2d-medium-replay-154907] evaluation/target_10000_length_std: 35.70378131234841
25-08-19.21:36|[gym-experiment-walker2d-medium-replay-154907] evaluation/target_10000_normalized_score: 84.40111635255
25-08-19.21:36|[gym-experiment-walker2d-medium-replay-154907] evaluation/target_5000_return_mean: 3754.4884853705976
25-08-19.21:36|[gym-experiment-walker2d-medium-replay-154907] evaluation/target_5000_return_detail: [3957.219831160909, 3891.734796848778, 3890.761767721751, 3952.016695204711, 3845.1197354118094, 3901.6163833923897, 3882.463751005355, 2360.4760040238475, 3981.1339362194294, 3882.3419527169954]
25-08-19.21:36|[gym-experiment-walker2d-medium-replay-154907] evaluation/target_5000_return_std: 466.34194834600316
25-08-19.21:36|[gym-experiment-walker2d-medium-replay-154907] evaluation/target_5000_length_mean: 964.2
25-08-19.21:36|[gym-experiment-walker2d-medium-replay-154907] evaluation/target_5000_length_detail: [1000, 1000, 1000, 1000, 1000, 1000, 1000, 642, 1000, 1000]
25-08-19.21:36|[gym-experiment-walker2d-medium-replay-154907] evaluation/target_5000_length_std: 107.4
25-08-19.21:36|[gym-experiment-walker2d-medium-replay-154907] evaluation/target_5000_normalized_score: 81.74969375741745
25-08-19.21:36|[gym-experiment-walker2d-medium-replay-154907] time/total: 267.1652853488922
25-08-19.21:36|[gym-experiment-walker2d-medium-replay-154907] time/evaluation: 164.12836122512817
25-08-19.21:36|[gym-experiment-walker2d-medium-replay-154907] training/train_loss_mean: 2.943624071672559
25-08-19.21:36|[gym-experiment-walker2d-medium-replay-154907] training/train_loss_std: 1.4692197301022485
25-08-19.21:36|[gym-experiment-walker2d-medium-replay-154907] training/action_error: 2.7927486896514893
25-08-19.21:36|[gym-experiment-walker2d-medium-replay-154907] ----------------------------------------Best_Iteration: 1
25-08-19.21:36|[gym-experiment-walker2d-medium-replay-154907] Best_return_mean: 3876.2065733206814
25-08-19.21:36|[gym-experiment-walker2d-medium-replay-154907] Best_normalized_score: 84.40111635255
25-08-19.21:42|[gym-experiment-walker2d-medium-replay-154907] ==================================================
25-08-19.21:42|[gym-experiment-walker2d-medium-replay-154907] Starting new experiment: walker2d medium-replay
25-08-19.21:42|[gym-experiment-walker2d-medium-replay-154907] 1093 trajectories, 302000 timesteps found
25-08-19.21:42|[gym-experiment-walker2d-medium-replay-154907] Average return: 482.70, std: 895.96
25-08-19.21:42|[gym-experiment-walker2d-medium-replay-154907] Max return: 3932.00, min: -250.20
25-08-19.21:42|[gym-experiment-walker2d-medium-replay-154907] ==================================================
25-08-19.21:43|[gym-experiment-walker2d-medium-replay-154907] ==================================================
25-08-19.21:43|[gym-experiment-walker2d-medium-replay-154907] Starting new experiment: walker2d medium-replay
25-08-19.21:43|[gym-experiment-walker2d-medium-replay-154907] 1093 trajectories, 302000 timesteps found
25-08-19.21:43|[gym-experiment-walker2d-medium-replay-154907] Average return: 482.70, std: 895.96
25-08-19.21:43|[gym-experiment-walker2d-medium-replay-154907] Max return: 3932.00, min: -250.20
25-08-19.21:43|[gym-experiment-walker2d-medium-replay-154907] ==================================================
25-08-19.21:43|[gym-experiment-walker2d-medium-replay-154907] ==================================================
25-08-19.21:43|[gym-experiment-walker2d-medium-replay-154907] Starting new experiment: walker2d medium-replay
25-08-19.21:43|[gym-experiment-walker2d-medium-replay-154907] 1093 trajectories, 302000 timesteps found
25-08-19.21:43|[gym-experiment-walker2d-medium-replay-154907] Average return: 482.70, std: 895.96
25-08-19.21:43|[gym-experiment-walker2d-medium-replay-154907] Max return: 3932.00, min: -250.20
25-08-19.21:43|[gym-experiment-walker2d-medium-replay-154907] ==================================================
25-08-19.21:48|[gym-experiment-walker2d-medium-replay-154907] ==================================================
25-08-19.21:48|[gym-experiment-walker2d-medium-replay-154907] Starting new experiment: walker2d medium-replay
25-08-19.21:48|[gym-experiment-walker2d-medium-replay-154907] 1093 trajectories, 302000 timesteps found
25-08-19.21:48|[gym-experiment-walker2d-medium-replay-154907] Average return: 482.70, std: 895.96
25-08-19.21:48|[gym-experiment-walker2d-medium-replay-154907] Max return: 3932.00, min: -250.20
25-08-19.21:48|[gym-experiment-walker2d-medium-replay-154907] ==================================================
25-08-19.21:54|[gym-experiment-walker2d-medium-replay-154907] ================================================================================
25-08-19.21:54|[gym-experiment-walker2d-medium-replay-154907] Iteration 1
25-08-19.21:54|[gym-experiment-walker2d-medium-replay-154907] time/training: 131.90901708602905
25-08-19.21:54|[gym-experiment-walker2d-medium-replay-154907] evaluation/target_10000_return_mean: 3352.1950802559963
25-08-19.21:54|[gym-experiment-walker2d-medium-replay-154907] evaluation/target_10000_return_detail: [4069.7032401034858, 4069.7918281358984, 4051.996747952032, 3782.749382547242, 4006.802895465925, 4027.113460319048, 3176.739014616782, 2315.9950240913454, 574.1148736873305, 3446.944335640876]
25-08-19.21:54|[gym-experiment-walker2d-medium-replay-154907] evaluation/target_10000_return_std: 1068.6482624192984
25-08-19.21:54|[gym-experiment-walker2d-medium-replay-154907] evaluation/target_10000_length_mean: 837.8
25-08-19.21:54|[gym-experiment-walker2d-medium-replay-154907] evaluation/target_10000_length_detail: [1000, 1000, 1000, 939, 1000, 1000, 778, 610, 209, 842]
25-08-19.21:54|[gym-experiment-walker2d-medium-replay-154907] evaluation/target_10000_length_std: 243.44642121008886
25-08-19.21:54|[gym-experiment-walker2d-medium-replay-154907] evaluation/target_10000_normalized_score: 72.98641262017925
25-08-19.21:54|[gym-experiment-walker2d-medium-replay-154907] evaluation/target_5000_return_mean: 3548.246484789258
25-08-19.21:54|[gym-experiment-walker2d-medium-replay-154907] evaluation/target_5000_return_detail: [2428.231971227415, 3957.2291079864035, 3293.9340148597335, 4079.531631334497, 4024.5007667447762, 4039.3455953142916, 4003.5127447720174, 3948.618432533868, 4085.7693434244406, 1621.7912396951374]
25-08-19.21:54|[gym-experiment-walker2d-medium-replay-154907] evaluation/target_5000_return_std: 812.6721486757483
25-08-19.21:54|[gym-experiment-walker2d-medium-replay-154907] evaluation/target_5000_length_mean: 894.8
25-08-19.21:54|[gym-experiment-walker2d-medium-replay-154907] evaluation/target_5000_length_detail: [640, 1000, 849, 1000, 1000, 1000, 1000, 1000, 1000, 459]
25-08-19.21:54|[gym-experiment-walker2d-medium-replay-154907] evaluation/target_5000_length_std: 182.86924290322852
25-08-19.21:54|[gym-experiment-walker2d-medium-replay-154907] evaluation/target_5000_normalized_score: 77.25706074275031
25-08-19.21:54|[gym-experiment-walker2d-medium-replay-154907] time/total: 329.2366805076599
25-08-19.21:54|[gym-experiment-walker2d-medium-replay-154907] time/evaluation: 197.32566356658936
25-08-19.21:54|[gym-experiment-walker2d-medium-replay-154907] training/train_loss_mean: 2.933457144215703
25-08-19.21:54|[gym-experiment-walker2d-medium-replay-154907] training/train_loss_std: 1.4754476255627356
25-08-19.21:54|[gym-experiment-walker2d-medium-replay-154907] training/action_error: 2.7704834938049316
25-08-19.21:54|[gym-experiment-walker2d-medium-replay-154907] ----------------------------------------Best_Iteration: 1
25-08-19.21:54|[gym-experiment-walker2d-medium-replay-154907] Best_return_mean: 3548.246484789258
25-08-19.21:54|[gym-experiment-walker2d-medium-replay-154907] Best_normalized_score: 77.25706074275031
25-08-19.21:58|[gym-experiment-walker2d-medium-replay-154907] ==================================================
25-08-19.21:58|[gym-experiment-walker2d-medium-replay-154907] Starting new experiment: walker2d medium-replay
25-08-19.21:58|[gym-experiment-walker2d-medium-replay-154907] 1093 trajectories, 302000 timesteps found
25-08-19.21:58|[gym-experiment-walker2d-medium-replay-154907] Average return: 482.70, std: 895.96
25-08-19.21:58|[gym-experiment-walker2d-medium-replay-154907] Max return: 3932.00, min: -250.20
25-08-19.21:58|[gym-experiment-walker2d-medium-replay-154907] ==================================================
25-08-19.22:05|[gym-experiment-walker2d-medium-replay-154907] ================================================================================
25-08-19.22:05|[gym-experiment-walker2d-medium-replay-154907] Iteration 1
25-08-19.22:05|[gym-experiment-walker2d-medium-replay-154907] time/training: 152.92732620239258
25-08-19.22:05|[gym-experiment-walker2d-medium-replay-154907] evaluation/target_10000_return_mean: 3949.3177551304716
25-08-19.22:05|[gym-experiment-walker2d-medium-replay-154907] evaluation/target_10000_return_detail: [4444.435565619073, 4273.848942586721, 4232.156978255026, 4183.252342275205, 4202.182182536307, 4249.341802317167, 2863.415078144438, 4314.577796166508, 2485.207923501732, 4244.758939902548]
25-08-19.22:05|[gym-experiment-walker2d-medium-replay-154907] evaluation/target_10000_return_std: 646.7335631330092
25-08-19.22:05|[gym-experiment-walker2d-medium-replay-154907] evaluation/target_10000_length_mean: 930.4
25-08-19.22:05|[gym-experiment-walker2d-medium-replay-154907] evaluation/target_10000_length_detail: [1000, 1000, 1000, 1000, 1000, 1000, 697, 1000, 607, 1000]
25-08-19.22:05|[gym-experiment-walker2d-medium-replay-154907] evaluation/target_10000_length_std: 140.64721824479858
25-08-19.22:05|[gym-experiment-walker2d-medium-replay-154907] evaluation/target_10000_normalized_score: 85.99371974184099
25-08-19.22:05|[gym-experiment-walker2d-medium-replay-154907] evaluation/target_5000_return_mean: 3252.5856186305336
25-08-19.22:05|[gym-experiment-walker2d-medium-replay-154907] evaluation/target_5000_return_detail: [4167.566543327849, 2588.8187475112322, 1554.5233797589274, 1455.434422192863, 4239.017622535092, 1478.2846897170389, 4248.639554283101, 4154.428169871304, 4316.3024487512375, 4322.840608356692]
25-08-19.22:05|[gym-experiment-walker2d-medium-replay-154907] evaluation/target_5000_return_std: 1248.7801605582197
25-08-19.22:05|[gym-experiment-walker2d-medium-replay-154907] evaluation/target_5000_length_mean: 791.5
25-08-19.22:05|[gym-experiment-walker2d-medium-replay-154907] evaluation/target_5000_length_detail: [1000, 652, 438, 408, 1000, 417, 1000, 1000, 1000, 1000]
25-08-19.22:05|[gym-experiment-walker2d-medium-replay-154907] evaluation/target_5000_length_std: 263.1688621398816
25-08-19.22:05|[gym-experiment-walker2d-medium-replay-154907] evaluation/target_5000_normalized_score: 70.81658904103257
25-08-19.22:05|[gym-experiment-walker2d-medium-replay-154907] time/total: 405.4723091125488
25-08-19.22:05|[gym-experiment-walker2d-medium-replay-154907] time/evaluation: 252.54196333885193
25-08-19.22:05|[gym-experiment-walker2d-medium-replay-154907] training/train_loss_mean: 2.948718065366149
25-08-19.22:05|[gym-experiment-walker2d-medium-replay-154907] training/train_loss_std: 1.4825639261611523
25-08-19.22:05|[gym-experiment-walker2d-medium-replay-154907] training/action_error: 2.7710628509521484
25-08-19.22:05|[gym-experiment-walker2d-medium-replay-154907] ----------------------------------------Best_Iteration: 1
25-08-19.22:05|[gym-experiment-walker2d-medium-replay-154907] Best_return_mean: 3949.3177551304716
25-08-19.22:05|[gym-experiment-walker2d-medium-replay-154907] Best_normalized_score: 85.99371974184099
25-08-19.22:16|[gym-experiment-walker2d-medium-replay-154907] ================================================================================
25-08-19.22:16|[gym-experiment-walker2d-medium-replay-154907] Iteration 2
25-08-19.22:16|[gym-experiment-walker2d-medium-replay-154907] time/training: 151.8224310874939
25-08-19.22:16|[gym-experiment-walker2d-medium-replay-154907] evaluation/target_10000_return_mean: 3337.592082230766
25-08-19.22:16|[gym-experiment-walker2d-medium-replay-154907] evaluation/target_10000_return_detail: [3917.8447037579717, 3834.157757712611, 1826.3416252207105, 2384.422362739487, 3963.252706921319, 4059.997201629315, 1615.7572653798527, 3796.705465367595, 3912.9344946396736, 4064.5072389391294]
25-08-19.22:16|[gym-experiment-walker2d-medium-replay-154907] evaluation/target_10000_return_std: 934.0196024875353
25-08-19.22:16|[gym-experiment-walker2d-medium-replay-154907] evaluation/target_10000_length_mean: 867.2
25-08-19.22:16|[gym-experiment-walker2d-medium-replay-154907] evaluation/target_10000_length_detail: [1000, 1000, 494, 677, 1000, 1000, 501, 1000, 1000, 1000]
25-08-19.22:16|[gym-experiment-walker2d-medium-replay-154907] evaluation/target_10000_length_std: 208.08834662229404
25-08-19.22:16|[gym-experiment-walker2d-medium-replay-154907] evaluation/target_10000_normalized_score: 72.66831101693481
25-08-19.22:16|[gym-experiment-walker2d-medium-replay-154907] evaluation/target_5000_return_mean: 3867.1499242136824
25-08-19.22:16|[gym-experiment-walker2d-medium-replay-154907] evaluation/target_5000_return_detail: [4117.649303510262, 3656.6327044141244, 3923.9810809225164, 3552.6954678406496, 3634.6501285246336, 4117.7014135917225, 3885.240031784546, 3974.421614583819, 3960.36195013109, 3848.1655468334557]
25-08-19.22:16|[gym-experiment-walker2d-medium-replay-154907] evaluation/target_5000_return_std: 186.25100915102945
25-08-19.22:16|[gym-experiment-walker2d-medium-replay-154907] evaluation/target_5000_length_mean: 983.0
25-08-19.22:16|[gym-experiment-walker2d-medium-replay-154907] evaluation/target_5000_length_detail: [1000, 1000, 1000, 909, 921, 1000, 1000, 1000, 1000, 1000]
25-08-19.22:16|[gym-experiment-walker2d-medium-replay-154907] evaluation/target_5000_length_std: 34.10571799566753
25-08-19.22:16|[gym-experiment-walker2d-medium-replay-154907] evaluation/target_5000_normalized_score: 84.20383257589117
25-08-19.22:16|[gym-experiment-walker2d-medium-replay-154907] time/total: 1066.0918984413147
25-08-19.22:16|[gym-experiment-walker2d-medium-replay-154907] time/evaluation: 508.77415800094604
25-08-19.22:16|[gym-experiment-walker2d-medium-replay-154907] training/train_loss_mean: 2.872010309178382
25-08-19.22:16|[gym-experiment-walker2d-medium-replay-154907] training/train_loss_std: 1.4570288995575142
25-08-19.22:16|[gym-experiment-walker2d-medium-replay-154907] training/action_error: 4.971882343292236
25-08-19.22:16|[gym-experiment-walker2d-medium-replay-154907] ----------------------------------------Best_Iteration: 1
25-08-19.22:16|[gym-experiment-walker2d-medium-replay-154907] Best_return_mean: 3949.3177551304716
25-08-19.22:16|[gym-experiment-walker2d-medium-replay-154907] Best_normalized_score: 85.99371974184099
25-08-19.22:24|[gym-experiment-walker2d-medium-replay-154907] ================================================================================
25-08-19.22:24|[gym-experiment-walker2d-medium-replay-154907] Iteration 3
25-08-19.22:24|[gym-experiment-walker2d-medium-replay-154907] time/training: 153.95904803276062
25-08-19.22:24|[gym-experiment-walker2d-medium-replay-154907] evaluation/target_10000_return_mean: 3835.7158581374415
25-08-19.22:24|[gym-experiment-walker2d-medium-replay-154907] evaluation/target_10000_return_detail: [3850.554930723959, 3903.951467161634, 3927.0855290039854, 3067.2422409367555, 3962.9497186911535, 3937.5314276214153, 3879.142896470405, 4042.127057849654, 4042.3603491940894, 3744.2129637213675]
25-08-19.22:24|[gym-experiment-walker2d-medium-replay-154907] evaluation/target_10000_return_std: 269.42484951433727
25-08-19.22:24|[gym-experiment-walker2d-medium-replay-154907] evaluation/target_10000_length_mean: 978.6
25-08-19.22:24|[gym-experiment-walker2d-medium-replay-154907] evaluation/target_10000_length_detail: [1000, 1000, 1000, 786, 1000, 1000, 1000, 1000, 1000, 1000]
25-08-19.22:24|[gym-experiment-walker2d-medium-replay-154907] evaluation/target_10000_length_std: 64.2
25-08-19.22:24|[gym-experiment-walker2d-medium-replay-154907] evaluation/target_10000_normalized_score: 83.51909463385569
25-08-19.22:24|[gym-experiment-walker2d-medium-replay-154907] evaluation/target_5000_return_mean: 3841.8610376705315
25-08-19.22:24|[gym-experiment-walker2d-medium-replay-154907] evaluation/target_5000_return_detail: [4016.031430882087, 2930.4667998562745, 3946.099748301524, 3837.9438850888596, 3917.4333210598606, 3921.855275396402, 3994.793172491657, 4026.2486018426184, 3908.048236567384, 3919.6899052186454]
25-08-19.22:24|[gym-experiment-walker2d-medium-replay-154907] evaluation/target_5000_return_std: 308.51112997115257
25-08-19.22:24|[gym-experiment-walker2d-medium-replay-154907] evaluation/target_5000_length_mean: 976.4
25-08-19.22:24|[gym-experiment-walker2d-medium-replay-154907] evaluation/target_5000_length_detail: [1000, 764, 1000, 1000, 1000, 1000, 1000, 1000, 1000, 1000]
25-08-19.22:24|[gym-experiment-walker2d-medium-replay-154907] evaluation/target_5000_length_std: 70.8
25-08-19.22:24|[gym-experiment-walker2d-medium-replay-154907] evaluation/target_5000_normalized_score: 83.65295697214565
25-08-19.22:24|[gym-experiment-walker2d-medium-replay-154907] time/total: 1542.3887844085693
25-08-19.22:24|[gym-experiment-walker2d-medium-replay-154907] time/evaluation: 322.33383798599243
25-08-19.22:24|[gym-experiment-walker2d-medium-replay-154907] training/train_loss_mean: 2.8472410712018608
25-08-19.22:24|[gym-experiment-walker2d-medium-replay-154907] training/train_loss_std: 1.4919913508833635
25-08-19.22:24|[gym-experiment-walker2d-medium-replay-154907] training/action_error: 3.3905954360961914
25-08-19.22:24|[gym-experiment-walker2d-medium-replay-154907] ----------------------------------------Best_Iteration: 1
25-08-19.22:24|[gym-experiment-walker2d-medium-replay-154907] Best_return_mean: 3949.3177551304716
25-08-19.22:24|[gym-experiment-walker2d-medium-replay-154907] Best_normalized_score: 85.99371974184099
25-08-19.22:32|[gym-experiment-walker2d-medium-replay-154907] ================================================================================
25-08-19.22:32|[gym-experiment-walker2d-medium-replay-154907] Iteration 4
25-08-19.22:32|[gym-experiment-walker2d-medium-replay-154907] time/training: 156.20478224754333
25-08-19.22:32|[gym-experiment-walker2d-medium-replay-154907] evaluation/target_10000_return_mean: 3801.768147259504
25-08-19.22:32|[gym-experiment-walker2d-medium-replay-154907] evaluation/target_10000_return_detail: [4035.161805803342, 4082.5309490234754, 3994.627454859492, 3973.810511095891, 4076.124353684789, 4116.638546621729, 3970.8328737869515, 2100.516132590315, 3711.9125093806674, 3955.5263357483855]
25-08-19.22:32|[gym-experiment-walker2d-medium-replay-154907] evaluation/target_10000_return_std: 576.9805239296697
25-08-19.22:32|[gym-experiment-walker2d-medium-replay-154907] evaluation/target_10000_length_mean: 947.7
25-08-19.22:32|[gym-experiment-walker2d-medium-replay-154907] evaluation/target_10000_length_detail: [1000, 1000, 1000, 1000, 1000, 1000, 1000, 553, 924, 1000]
25-08-19.22:32|[gym-experiment-walker2d-medium-replay-154907] evaluation/target_10000_length_std: 133.50359545720107
25-08-19.22:32|[gym-experiment-walker2d-medium-replay-154907] evaluation/target_10000_normalized_score: 82.77960119298186
25-08-19.22:32|[gym-experiment-walker2d-medium-replay-154907] evaluation/target_5000_return_mean: 4053.4132548715484
25-08-19.22:32|[gym-experiment-walker2d-medium-replay-154907] evaluation/target_5000_return_detail: [4059.417106690919, 4026.391590971515, 4198.87286689991, 4131.082365104238, 4037.897459032621, 3967.8184464526175, 4045.6910314940437, 4024.619161279156, 4030.9195655176363, 4011.4229552728298]
25-08-19.22:32|[gym-experiment-walker2d-medium-replay-154907] evaluation/target_5000_return_std: 62.19509707525451
25-08-19.22:32|[gym-experiment-walker2d-medium-replay-154907] evaluation/target_5000_length_mean: 1000.0
25-08-19.22:32|[gym-experiment-walker2d-medium-replay-154907] evaluation/target_5000_length_detail: [1000, 1000, 1000, 1000, 1000, 1000, 1000, 1000, 1000, 1000]
25-08-19.22:32|[gym-experiment-walker2d-medium-replay-154907] evaluation/target_5000_length_std: 0.0
25-08-19.22:32|[gym-experiment-walker2d-medium-replay-154907] evaluation/target_5000_normalized_score: 88.26126407081773
25-08-19.22:32|[gym-experiment-walker2d-medium-replay-154907] time/total: 2011.206595659256
25-08-19.22:32|[gym-experiment-walker2d-medium-replay-154907] time/evaluation: 312.6100277900696
25-08-19.22:32|[gym-experiment-walker2d-medium-replay-154907] training/train_loss_mean: 2.816848420806229
25-08-19.22:32|[gym-experiment-walker2d-medium-replay-154907] training/train_loss_std: 1.4871089962485382
25-08-19.22:32|[gym-experiment-walker2d-medium-replay-154907] training/action_error: 6.28725528717041
25-08-19.22:32|[gym-experiment-walker2d-medium-replay-154907] ----------------------------------------Best_Iteration: 4
25-08-19.22:32|[gym-experiment-walker2d-medium-replay-154907] Best_return_mean: 4053.4132548715484
25-08-19.22:32|[gym-experiment-walker2d-medium-replay-154907] Best_normalized_score: 88.26126407081773
25-08-19.22:39|[gym-experiment-walker2d-medium-replay-154907] ================================================================================
25-08-19.22:39|[gym-experiment-walker2d-medium-replay-154907] Iteration 5
25-08-19.22:39|[gym-experiment-walker2d-medium-replay-154907] time/training: 154.8016710281372
25-08-19.22:39|[gym-experiment-walker2d-medium-replay-154907] evaluation/target_10000_return_mean: 3608.077010530885
25-08-19.22:39|[gym-experiment-walker2d-medium-replay-154907] evaluation/target_10000_return_detail: [4076.0623570353237, 4138.955556572299, 4102.259353748944, 4122.217418064751, 4144.499101692165, 4160.958728185751, 1223.25317555119, 4102.459353199356, 4172.062859332032, 1838.0422019270482]
25-08-19.22:39|[gym-experiment-walker2d-medium-replay-154907] evaluation/target_10000_return_std: 1048.1282174308226
25-08-19.22:39|[gym-experiment-walker2d-medium-replay-154907] evaluation/target_10000_length_mean: 886.6
25-08-19.22:39|[gym-experiment-walker2d-medium-replay-154907] evaluation/target_10000_length_detail: [1000, 1000, 1000, 1000, 1000, 1000, 357, 1000, 1000, 509]
25-08-19.22:39|[gym-experiment-walker2d-medium-replay-154907] evaluation/target_10000_length_std: 229.3325968980424
25-08-19.22:39|[gym-experiment-walker2d-medium-replay-154907] evaluation/target_10000_normalized_score: 78.56036751088706
25-08-19.22:39|[gym-experiment-walker2d-medium-replay-154907] evaluation/target_5000_return_mean: 3770.074429961163
25-08-19.22:39|[gym-experiment-walker2d-medium-replay-154907] evaluation/target_5000_return_detail: [4082.273231014617, 4221.554953023535, 4198.3732536650305, 4084.984314549445, 4243.549943667278, 4184.383368678744, 4168.709173710742, 2408.4496146196884, 1921.5160567628357, 4186.950389919718]
25-08-19.22:39|[gym-experiment-walker2d-medium-replay-154907] evaluation/target_5000_return_std: 811.3955417953058
25-08-19.22:39|[gym-experiment-walker2d-medium-replay-154907] evaluation/target_5000_length_mean: 915.9
25-08-19.22:39|[gym-experiment-walker2d-medium-replay-154907] evaluation/target_5000_length_detail: [1000, 1000, 1000, 1000, 1000, 1000, 1000, 632, 527, 1000]
25-08-19.22:39|[gym-experiment-walker2d-medium-replay-154907] evaluation/target_5000_length_std: 169.83076870814665
25-08-19.22:39|[gym-experiment-walker2d-medium-replay-154907] evaluation/target_5000_normalized_score: 82.08920718841101
25-08-19.22:39|[gym-experiment-walker2d-medium-replay-154907] time/total: 2457.0326311588287
25-08-19.22:39|[gym-experiment-walker2d-medium-replay-154907] time/evaluation: 291.00036454200745
25-08-19.22:39|[gym-experiment-walker2d-medium-replay-154907] training/train_loss_mean: 2.888702470973134
25-08-19.22:39|[gym-experiment-walker2d-medium-replay-154907] training/train_loss_std: 1.4547143655903934
25-08-19.22:39|[gym-experiment-walker2d-medium-replay-154907] training/action_error: 3.940425395965576
25-08-19.22:39|[gym-experiment-walker2d-medium-replay-154907] ----------------------------------------Best_Iteration: 4
25-08-19.22:39|[gym-experiment-walker2d-medium-replay-154907] Best_return_mean: 4053.4132548715484
25-08-19.22:39|[gym-experiment-walker2d-medium-replay-154907] Best_normalized_score: 88.26126407081773
25-08-19.22:47|[gym-experiment-walker2d-medium-replay-154907] ================================================================================
25-08-19.22:47|[gym-experiment-walker2d-medium-replay-154907] Iteration 6
25-08-19.22:47|[gym-experiment-walker2d-medium-replay-154907] time/training: 156.54121494293213
25-08-19.22:47|[gym-experiment-walker2d-medium-replay-154907] evaluation/target_10000_return_mean: 3654.079495364912
25-08-19.22:47|[gym-experiment-walker2d-medium-replay-154907] evaluation/target_10000_return_detail: [3844.7361440936747, 3821.6297272941288, 3932.117366275823, 3675.503169742166, 3610.38019402066, 3759.3453732065072, 2530.4651836560224, 3594.17138697789, 3806.2388093702557, 3966.2075990119956]
25-08-19.22:47|[gym-experiment-walker2d-medium-replay-154907] evaluation/target_10000_return_std: 392.66424795704324
25-08-19.22:47|[gym-experiment-walker2d-medium-replay-154907] evaluation/target_10000_length_mean: 963.7
25-08-19.22:47|[gym-experiment-walker2d-medium-replay-154907] evaluation/target_10000_length_detail: [1000, 1000, 1000, 1000, 941, 1000, 696, 1000, 1000, 1000]
25-08-19.22:47|[gym-experiment-walker2d-medium-replay-154907] evaluation/target_10000_length_std: 90.95059098213711
25-08-19.22:47|[gym-experiment-walker2d-medium-replay-154907] evaluation/target_10000_normalized_score: 79.56245380533495
25-08-19.22:47|[gym-experiment-walker2d-medium-replay-154907] evaluation/target_5000_return_mean: 3859.202346816461
25-08-19.22:47|[gym-experiment-walker2d-medium-replay-154907] evaluation/target_5000_return_detail: [4020.7586507883775, 3835.7552800441804, 3779.0790177159065, 3886.231397620217, 3845.761326717939, 3930.977779709738, 3722.695816669339, 3808.7033886402087, 3795.2460959793516, 3966.814714279352]
25-08-19.22:47|[gym-experiment-walker2d-medium-replay-154907] evaluation/target_5000_return_std: 87.17103689695655
25-08-19.22:47|[gym-experiment-walker2d-medium-replay-154907] evaluation/target_5000_length_mean: 1000.0
25-08-19.22:47|[gym-experiment-walker2d-medium-replay-154907] evaluation/target_5000_length_detail: [1000, 1000, 1000, 1000, 1000, 1000, 1000, 1000, 1000, 1000]
25-08-19.22:47|[gym-experiment-walker2d-medium-replay-154907] evaluation/target_5000_length_std: 0.0
25-08-19.22:47|[gym-experiment-walker2d-medium-replay-154907] evaluation/target_5000_normalized_score: 84.03070804984539
25-08-19.22:47|[gym-experiment-walker2d-medium-replay-154907] time/total: 2932.258736848831
25-08-19.22:47|[gym-experiment-walker2d-medium-replay-154907] time/evaluation: 318.6819031238556
25-08-19.22:47|[gym-experiment-walker2d-medium-replay-154907] training/train_loss_mean: 2.849564843893051
25-08-19.22:47|[gym-experiment-walker2d-medium-replay-154907] training/train_loss_std: 1.478132510976557
25-08-19.22:47|[gym-experiment-walker2d-medium-replay-154907] training/action_error: 1.718982458114624
25-08-19.22:47|[gym-experiment-walker2d-medium-replay-154907] ----------------------------------------Best_Iteration: 4
25-08-19.22:47|[gym-experiment-walker2d-medium-replay-154907] Best_return_mean: 4053.4132548715484
25-08-19.22:47|[gym-experiment-walker2d-medium-replay-154907] Best_normalized_score: 88.26126407081773
25-08-19.22:54|[gym-experiment-walker2d-medium-replay-154907] ================================================================================
25-08-19.22:54|[gym-experiment-walker2d-medium-replay-154907] Iteration 7
25-08-19.22:54|[gym-experiment-walker2d-medium-replay-154907] time/training: 154.73750114440918
25-08-19.22:54|[gym-experiment-walker2d-medium-replay-154907] evaluation/target_10000_return_mean: 3019.5156500081644
25-08-19.22:54|[gym-experiment-walker2d-medium-replay-154907] evaluation/target_10000_return_detail: [2120.321105114417, 1432.0178125388586, 3924.679865046468, 1247.4001446725513, 1868.5084711639956, 3254.6905192092613, 3945.972732905838, 4164.991411607303, 4125.880832709771, 4110.693605113177]
25-08-19.22:54|[gym-experiment-walker2d-medium-replay-154907] evaluation/target_10000_return_std: 1151.2467708050988
25-08-19.22:54|[gym-experiment-walker2d-medium-replay-154907] evaluation/target_10000_length_mean: 765.4
25-08-19.22:54|[gym-experiment-walker2d-medium-replay-154907] evaluation/target_10000_length_detail: [577, 418, 943, 419, 501, 796, 1000, 1000, 1000, 1000]
25-08-19.22:54|[gym-experiment-walker2d-medium-replay-154907] evaluation/target_10000_length_std: 244.6851854935235
25-08-19.22:54|[gym-experiment-walker2d-medium-replay-154907] evaluation/target_10000_normalized_score: 65.73955413636325
25-08-19.22:54|[gym-experiment-walker2d-medium-replay-154907] evaluation/target_5000_return_mean: 3842.837367391248
25-08-19.22:54|[gym-experiment-walker2d-medium-replay-154907] evaluation/target_5000_return_detail: [4160.946086756295, 3857.7874607965223, 3803.3495973407553, 4012.63294813943, 3876.4027208738826, 3963.104440207978, 3889.8210183320866, 2774.653301282782, 4144.964430950877, 3944.7116692318723]
25-08-19.22:54|[gym-experiment-walker2d-medium-replay-154907] evaluation/target_5000_return_std: 373.1328297090478
25-08-19.22:54|[gym-experiment-walker2d-medium-replay-154907] evaluation/target_5000_length_mean: 973.9
25-08-19.22:54|[gym-experiment-walker2d-medium-replay-154907] evaluation/target_5000_length_detail: [1000, 977, 994, 1000, 1000, 1000, 1000, 768, 1000, 1000]
25-08-19.22:54|[gym-experiment-walker2d-medium-replay-154907] evaluation/target_5000_length_std: 68.97601032243021
25-08-19.22:54|[gym-experiment-walker2d-medium-replay-154907] evaluation/target_5000_normalized_score: 83.67422466313063
25-08-19.22:54|[gym-experiment-walker2d-medium-replay-154907] time/total: 3362.1392788887024
25-08-19.22:54|[gym-experiment-walker2d-medium-replay-154907] time/evaluation: 275.13903975486755
25-08-19.22:54|[gym-experiment-walker2d-medium-replay-154907] training/train_loss_mean: 2.795553455583751
25-08-19.22:54|[gym-experiment-walker2d-medium-replay-154907] training/train_loss_std: 1.4554674680214317
25-08-19.22:54|[gym-experiment-walker2d-medium-replay-154907] training/action_error: 0.7044337391853333
25-08-19.22:54|[gym-experiment-walker2d-medium-replay-154907] ----------------------------------------Best_Iteration: 4
25-08-19.22:54|[gym-experiment-walker2d-medium-replay-154907] Best_return_mean: 4053.4132548715484
25-08-19.22:54|[gym-experiment-walker2d-medium-replay-154907] Best_normalized_score: 88.26126407081773
25-08-19.23:02|[gym-experiment-walker2d-medium-replay-154907] ================================================================================
25-08-19.23:02|[gym-experiment-walker2d-medium-replay-154907] Iteration 8
25-08-19.23:02|[gym-experiment-walker2d-medium-replay-154907] time/training: 156.8920259475708
25-08-19.23:02|[gym-experiment-walker2d-medium-replay-154907] evaluation/target_10000_return_mean: 3674.975387183173
25-08-19.23:02|[gym-experiment-walker2d-medium-replay-154907] evaluation/target_10000_return_detail: [1893.5095131928458, 4217.567862926504, 4135.889712654112, 3914.5201417334606, 4175.708433434136, 4035.52201047171, 1933.5593387048627, 4130.195541674594, 4095.1698577947186, 4218.11145924479]
25-08-19.23:02|[gym-experiment-walker2d-medium-replay-154907] evaluation/target_10000_return_std: 884.8668735925685
25-08-19.23:02|[gym-experiment-walker2d-medium-replay-154907] evaluation/target_10000_length_mean: 908.5
25-08-19.23:02|[gym-experiment-walker2d-medium-replay-154907] evaluation/target_10000_length_detail: [536, 1000, 1000, 1000, 1000, 1000, 549, 1000, 1000, 1000]
25-08-19.23:02|[gym-experiment-walker2d-medium-replay-154907] evaluation/target_10000_length_std: 183.02308597551294
25-08-19.23:02|[gym-experiment-walker2d-medium-replay-154907] evaluation/target_10000_normalized_score: 80.01763545208497
25-08-19.23:02|[gym-experiment-walker2d-medium-replay-154907] evaluation/target_5000_return_mean: 4064.925890042998
25-08-19.23:02|[gym-experiment-walker2d-medium-replay-154907] evaluation/target_5000_return_detail: [4154.882973176016, 4056.6627916492175, 3839.394294476944, 4084.0261627116993, 4190.394686942293, 3991.2004837037375, 4200.194567353654, 4192.104901522628, 3935.9173841915353, 4004.480654702262]
25-08-19.23:02|[gym-experiment-walker2d-medium-replay-154907] evaluation/target_5000_return_std: 116.33428911135124
25-08-19.23:02|[gym-experiment-walker2d-medium-replay-154907] evaluation/target_5000_length_mean: 1000.0
25-08-19.23:02|[gym-experiment-walker2d-medium-replay-154907] evaluation/target_5000_length_detail: [1000, 1000, 1000, 1000, 1000, 1000, 1000, 1000, 1000, 1000]
25-08-19.23:02|[gym-experiment-walker2d-medium-replay-154907] evaluation/target_5000_length_std: 0.0
25-08-19.23:02|[gym-experiment-walker2d-medium-replay-154907] evaluation/target_5000_normalized_score: 88.51204734828441
25-08-19.23:02|[gym-experiment-walker2d-medium-replay-154907] time/total: 3826.8444724082947
25-08-19.23:02|[gym-experiment-walker2d-medium-replay-154907] time/evaluation: 307.80917167663574
25-08-19.23:02|[gym-experiment-walker2d-medium-replay-154907] training/train_loss_mean: 2.8135751362591983
25-08-19.23:02|[gym-experiment-walker2d-medium-replay-154907] training/train_loss_std: 1.4363531547908857
25-08-19.23:02|[gym-experiment-walker2d-medium-replay-154907] training/action_error: 1.5986008644104004
25-08-19.23:02|[gym-experiment-walker2d-medium-replay-154907] ----------------------------------------Best_Iteration: 8
25-08-19.23:02|[gym-experiment-walker2d-medium-replay-154907] Best_return_mean: 4064.925890042998
25-08-19.23:02|[gym-experiment-walker2d-medium-replay-154907] Best_normalized_score: 88.51204734828441
25-08-19.23:11|[gym-experiment-walker2d-medium-replay-154907] ================================================================================
25-08-19.23:11|[gym-experiment-walker2d-medium-replay-154907] Iteration 9
25-08-19.23:11|[gym-experiment-walker2d-medium-replay-154907] time/training: 152.46923923492432
25-08-19.23:11|[gym-experiment-walker2d-medium-replay-154907] evaluation/target_10000_return_mean: 3335.7957004694435
25-08-19.23:11|[gym-experiment-walker2d-medium-replay-154907] evaluation/target_10000_return_detail: [1575.9540902178674, 4114.325924362236, 2780.753657695079, 4145.047705425813, 3693.194243765515, 3757.550811632724, 3951.468440416201, 4027.6988736304193, 1295.8220503620773, 4016.1412071865057]
25-08-19.23:11|[gym-experiment-walker2d-medium-replay-154907] evaluation/target_10000_return_std: 1022.4416265679529
25-08-19.23:11|[gym-experiment-walker2d-medium-replay-154907] evaluation/target_10000_length_mean: 841.2
25-08-19.23:11|[gym-experiment-walker2d-medium-replay-154907] evaluation/target_10000_length_detail: [446, 1000, 704, 1000, 943, 931, 1000, 1000, 388, 1000]
25-08-19.23:11|[gym-experiment-walker2d-medium-replay-154907] evaluation/target_10000_length_std: 229.10949347419017
25-08-19.23:11|[gym-experiment-walker2d-medium-replay-154907] evaluation/target_10000_normalized_score: 72.62917987979922
25-08-19.23:11|[gym-experiment-walker2d-medium-replay-154907] evaluation/target_5000_return_mean: 3739.973515948715
25-08-19.23:11|[gym-experiment-walker2d-medium-replay-154907] evaluation/target_5000_return_detail: [3989.2171866918957, 4106.052521717228, 4001.9542482616143, 1838.5313599062968, 3975.590296578068, 3988.6224753259003, 4002.1098272537224, 4039.96408236632, 4016.3896335818226, 3441.303527804287]
25-08-19.23:11|[gym-experiment-walker2d-medium-replay-154907] evaluation/target_5000_return_std: 657.4126111211773
25-08-19.23:11|[gym-experiment-walker2d-medium-replay-154907] evaluation/target_5000_length_mean: 934.8
25-08-19.23:11|[gym-experiment-walker2d-medium-replay-154907] evaluation/target_5000_length_detail: [1000, 1000, 1000, 486, 1000, 1000, 1000, 1000, 1000, 862]
25-08-19.23:11|[gym-experiment-walker2d-medium-replay-154907] evaluation/target_5000_length_std: 155.15463254443935
25-08-19.23:11|[gym-experiment-walker2d-medium-replay-154907] evaluation/target_5000_normalized_score: 81.43350970834973
25-08-19.23:11|[gym-experiment-walker2d-medium-replay-154907] time/total: 4371.041273832321
25-08-19.23:11|[gym-experiment-walker2d-medium-replay-154907] time/evaluation: 391.70401763916016
25-08-19.23:11|[gym-experiment-walker2d-medium-replay-154907] training/train_loss_mean: 2.8001070166938007
25-08-19.23:11|[gym-experiment-walker2d-medium-replay-154907] training/train_loss_std: 1.479793492193687
25-08-19.23:11|[gym-experiment-walker2d-medium-replay-154907] training/action_error: 5.077652454376221
25-08-19.23:11|[gym-experiment-walker2d-medium-replay-154907] ----------------------------------------Best_Iteration: 8
25-08-19.23:11|[gym-experiment-walker2d-medium-replay-154907] Best_return_mean: 4064.925890042998
25-08-19.23:11|[gym-experiment-walker2d-medium-replay-154907] Best_normalized_score: 88.51204734828441
25-08-19.23:19|[gym-experiment-walker2d-medium-replay-154907] ================================================================================
25-08-19.23:19|[gym-experiment-walker2d-medium-replay-154907] Iteration 10
25-08-19.23:19|[gym-experiment-walker2d-medium-replay-154907] time/training: 204.46426963806152
25-08-19.23:19|[gym-experiment-walker2d-medium-replay-154907] evaluation/target_10000_return_mean: 3034.0812280263517
25-08-19.23:19|[gym-experiment-walker2d-medium-replay-154907] evaluation/target_10000_return_detail: [1756.630890031649, 1571.2432572871583, 2258.2988843740077, 4080.0426203930883, 4014.4029353522965, 1936.8045620003047, 3998.117262844823, 3539.0823425741337, 3038.938225174123, 4147.251300231933]
25-08-19.23:19|[gym-experiment-walker2d-medium-replay-154907] evaluation/target_10000_return_std: 1002.8089203622899
25-08-19.23:19|[gym-experiment-walker2d-medium-replay-154907] evaluation/target_10000_length_mean: 766.6
25-08-19.23:19|[gym-experiment-walker2d-medium-replay-154907] evaluation/target_10000_length_detail: [493, 459, 583, 952, 1000, 540, 1000, 867, 772, 1000]
25-08-19.23:19|[gym-experiment-walker2d-medium-replay-154907] evaluation/target_10000_length_std: 215.0442745110876
25-08-19.23:19|[gym-experiment-walker2d-medium-replay-154907] evaluation/target_10000_normalized_score: 66.05684060807012
25-08-19.23:19|[gym-experiment-walker2d-medium-replay-154907] evaluation/target_5000_return_mean: 3359.0116320758075
25-08-19.23:19|[gym-experiment-walker2d-medium-replay-154907] evaluation/target_5000_return_detail: [3565.3358902889763, 2991.125572690987, 3425.140217807802, 4244.007661725509, 3428.2294805932443, 3304.302755860886, 2870.4089722682884, 3824.7927536663587, 1706.4654772250988, 4230.307538630922]
25-08-19.23:19|[gym-experiment-walker2d-medium-replay-154907] evaluation/target_5000_return_std: 701.3583213555203
25-08-19.23:19|[gym-experiment-walker2d-medium-replay-154907] evaluation/target_5000_length_mean: 822.7
25-08-19.23:19|[gym-experiment-walker2d-medium-replay-154907] evaluation/target_5000_length_detail: [861, 763, 840, 1000, 837, 812, 719, 928, 467, 1000]
25-08-19.23:19|[gym-experiment-walker2d-medium-replay-154907] evaluation/target_5000_length_std: 147.26985434908258
25-08-19.23:19|[gym-experiment-walker2d-medium-replay-154907] evaluation/target_5000_normalized_score: 73.13489966775226
25-08-19.23:19|[gym-experiment-walker2d-medium-replay-154907] time/total: 4853.547182559967
25-08-19.23:19|[gym-experiment-walker2d-medium-replay-154907] time/evaluation: 278.03563928604126
25-08-19.23:19|[gym-experiment-walker2d-medium-replay-154907] training/train_loss_mean: 2.808443046681583
25-08-19.23:19|[gym-experiment-walker2d-medium-replay-154907] training/train_loss_std: 1.4708529739107516
25-08-19.23:19|[gym-experiment-walker2d-medium-replay-154907] training/action_error: 0.6421226859092712
25-08-19.23:19|[gym-experiment-walker2d-medium-replay-154907] ----------------------------------------Best_Iteration: 8
25-08-19.23:19|[gym-experiment-walker2d-medium-replay-154907] Best_return_mean: 4064.925890042998
25-08-19.23:19|[gym-experiment-walker2d-medium-replay-154907] Best_normalized_score: 88.51204734828441
